brand_family,pack,subcanal,unidades_bulto
1890,1 Lts-Bottle-RET,Autoservicio Cadena,12
1890,1 Lts-Bottle-RET,Autoservicio Independiente,12
1890,1 Lts-Bottle-RET,Kiosco Despensa,12
1890,1 Lts-Bottle-RET,Kiosco Bar,12
1890,1 Lts-Bottle-RET,Almacen Autoservice,12
1890,1 Lts-Bottle-RET,Almacen,12
1890,1 Lts-Bottle-RET,Kiosco/maxikiosco,12
1890,1 Lts-Bottle-RET,Tienda De Bebidas,12
1890,1 Lts-Bottle-RET,Carniceria/polleria,12
1890,1 Lts-Bottle-RET,Carniceria Premium,12
1890,1 Lts-Bottle-RET,Casa De Pastas,12
1890,1 Lts-Bottle-RET,Dietetica,12
1890,1 Lts-Bottle-RET,Farmacia,12
1890,1 Lts-Bottle-RET,Fiambreria/queseria,12
1890,1 Lts-Bottle-RET,Otros K+t,12
1890,1 Lts-Bottle-RET,Panaderia / Pasteleria,12
1890,1 Lts-Bottle-RET,Pescaderia,12
1890,1 Lts-Bottle-RET,Rotiseria/com P Llevar,12
1890,1 Lts-Bottle-RET,Verduleria,12
1890,1 Lts-Bottle-RET,Vinoteca,12
1890,1/2 Lts-Cans,Kiosco Despensa,6
1890,1/2 Lts-Cans,Kiosco Bar,6
1890,1/2 Lts-Cans,Almacen Autoservice,6
1890,1/2 Lts-Cans,Almacen,6
1890,1/2 Lts-Cans,Kiosco/maxikiosco,6
1890,1/2 Lts-Cans,Tienda De Bebidas,6
1890,1/2 Lts-Cans,Carniceria/polleria,6
1890,1/2 Lts-Cans,Carniceria Premium,6
1890,1/2 Lts-Cans,Casa De Pastas,6
1890,1/2 Lts-Cans,Dietetica,6
1890,1/2 Lts-Cans,Farmacia,6
1890,1/2 Lts-Cans,Fiambreria/queseria,6
1890,1/2 Lts-Cans,Otros K+t,6
1890,1/2 Lts-Cans,Panaderia / Pasteleria,6
1890,1/2 Lts-Cans,Pescaderia,6
1890,1/2 Lts-Cans,Rotiseria/com P Llevar,6
1890,1/2 Lts-Cans,Verduleria,6
1890,1/2 Lts-Cans,Vinoteca,6
1890,1/2 Lts-Cans,Autoservicio Cadena,24
1890,1/2 Lts-Cans,Autoservicio Independiente,24
27 Eazy,1/2 Lts-Cans,Kiosco Despensa,6
27 Eazy,1/2 Lts-Cans,Kiosco Bar,6
27 Eazy,1/2 Lts-Cans,Almacen Autoservice,6
27 Eazy,1/2 Lts-Cans,Almacen,6
27 Eazy,1/2 Lts-Cans,Kiosco/maxikiosco,6
27 Eazy,1/2 Lts-Cans,Tienda De Bebidas,6
27 Eazy,1/2 Lts-Cans,Carniceria/polleria,6
27 Eazy,1/2 Lts-Cans,Carniceria Premium,6
27 Eazy,1/2 Lts-Cans,Casa De Pastas,6
27 Eazy,1/2 Lts-Cans,Dietetica,6
27 Eazy,1/2 Lts-Cans,Farmacia,6
27 Eazy,1/2 Lts-Cans,Fiambreria/queseria,6
27 Eazy,1/2 Lts-Cans,Otros K+t,6
27 Eazy,1/2 Lts-Cans,Panaderia / Pasteleria,6
27 Eazy,1/2 Lts-Cans,Pescaderia,6
27 Eazy,1/2 Lts-Cans,Rotiseria/com P Llevar,6
27 Eazy,1/2 Lts-Cans,Verduleria,6
27 Eazy,1/2 Lts-Cans,Vinoteca,6
27 Eazy,1/2 Lts-Cans,Autoservicio Cadena,24
27 Eazy,1/2 Lts-Cans,Autoservicio Independiente,24
27 Lager,1/2 Lts-Cans,Autoservicio Cadena,24
27 Lager,1/2 Lts-Cans,Autoservicio Independiente,24
27 Lager,1/2 Lts-Cans,Kiosco Despensa,24
27 Lager,1/2 Lts-Cans,Kiosco Bar,24
27 Lager,1/2 Lts-Cans,Almacen Autoservice,24
27 Lager,1/2 Lts-Cans,Almacen,24
27 Lager,1/2 Lts-Cans,Kiosco/maxikiosco,24
27 Lager,1/2 Lts-Cans,Tienda De Bebidas,24
27 Lager,1/2 Lts-Cans,Carniceria/polleria,24
27 Lager,1/2 Lts-Cans,Carniceria Premium,24
27 Lager,1/2 Lts-Cans,Casa De Pastas,24
27 Lager,1/2 Lts-Cans,Dietetica,24
27 Lager,1/2 Lts-Cans,Farmacia,24
27 Lager,1/2 Lts-Cans,Fiambreria/queseria,24
27 Lager,1/2 Lts-Cans,Otros K+t,24
27 Lager,1/2 Lts-Cans,Panaderia / Pasteleria,24
27 Lager,1/2 Lts-Cans,Pescaderia,24
27 Lager,1/2 Lts-Cans,Rotiseria/com P Llevar,24
27 Lager,1/2 Lts-Cans,Verduleria,24
27 Lager,1/2 Lts-Cans,Vinoteca,24
Andes,1 Lts-Bottle-RET,Autoservicio Cadena,12
Andes,1 Lts-Bottle-RET,Autoservicio Independiente,12
Andes,1 Lts-Bottle-RET,Kiosco Despensa,12
Andes,1 Lts-Bottle-RET,Kiosco Bar,12
Andes,1 Lts-Bottle-RET,Almacen Autoservice,12
Andes,1 Lts-Bottle-RET,Almacen,12
Andes,1 Lts-Bottle-RET,Kiosco/maxikiosco,12
Andes,1 Lts-Bottle-RET,Tienda De Bebidas,12
Andes,1 Lts-Bottle-RET,Carniceria/polleria,12
Andes,1 Lts-Bottle-RET,Carniceria Premium,12
Andes,1 Lts-Bottle-RET,Casa De Pastas,12
Andes,1 Lts-Bottle-RET,Dietetica,12
Andes,1 Lts-Bottle-RET,Farmacia,12
Andes,1 Lts-Bottle-RET,Fiambreria/queseria,12
Andes,1 Lts-Bottle-RET,Otros K+t,12
Andes,1 Lts-Bottle-RET,Panaderia / Pasteleria,12
Andes,1 Lts-Bottle-RET,Pescaderia,12
Andes,1 Lts-Bottle-RET,Rotiseria/com P Llevar,12
Andes,1 Lts-Bottle-RET,Verduleria,12
Andes,1 Lts-Bottle-RET,Vinoteca,12
Andes,1/2 Lts-Cans,Autoservicio Cadena,24
Andes,1/2 Lts-Cans,Autoservicio Independiente,24
Andes,1/2 Lts-Cans,Kiosco Despensa,24
Andes,1/2 Lts-Cans,Kiosco Bar,24
Andes,1/2 Lts-Cans,Almacen Autoservice,24
Andes,1/2 Lts-Cans,Almacen,24
Andes,1/2 Lts-Cans,Kiosco/maxikiosco,24
Andes,1/2 Lts-Cans,Tienda De Bebidas,24
Andes,1/2 Lts-Cans,Carniceria/polleria,24
Andes,1/2 Lts-Cans,Carniceria Premium,24
Andes,1/2 Lts-Cans,Casa De Pastas,24
Andes,1/2 Lts-Cans,Dietetica,24
Andes,1/2 Lts-Cans,Farmacia,24
Andes,1/2 Lts-Cans,Fiambreria/queseria,24
Andes,1/2 Lts-Cans,Otros K+t,24
Andes,1/2 Lts-Cans,Panaderia / Pasteleria,24
Andes,1/2 Lts-Cans,Pescaderia,24
Andes,1/2 Lts-Cans,Rotiseria/com P Llevar,24
Andes,1/2 Lts-Cans,Verduleria,24
Andes,1/2 Lts-Cans,Vinoteca,24
Andes Origen,1 Lts-Bottle-RET,Autoservicio Cadena,12
Andes Origen,1 Lts-Bottle-RET,Autoservicio Independiente,12
Andes Origen,1 Lts-Bottle-RET,Kiosco Despensa,12
Andes Origen,1 Lts-Bottle-RET,Kiosco Bar,12
Andes Origen,1 Lts-Bottle-RET,Almacen Autoservice,12
Andes Origen,1 Lts-Bottle-RET,Almacen,12
Andes Origen,1 Lts-Bottle-RET,Kiosco/maxikiosco,12
Andes Origen,1 Lts-Bottle-RET,Tienda De Bebidas,12
Andes Origen,1 Lts-Bottle-RET,Carniceria/polleria,12
Andes Origen,1 Lts-Bottle-RET,Carniceria Premium,12
Andes Origen,1 Lts-Bottle-RET,Casa De Pastas,12
Andes Origen,1 Lts-Bottle-RET,Dietetica,12
Andes Origen,1 Lts-Bottle-RET,Farmacia,12
Andes Origen,1 Lts-Bottle-RET,Fiambreria/queseria,12
Andes Origen,1 Lts-Bottle-RET,Otros K+t,12
Andes Origen,1 Lts-Bottle-RET,Panaderia / Pasteleria,12
Andes Origen,1 Lts-Bottle-RET,Pescaderia,12
Andes Origen,1 Lts-Bottle-RET,Rotiseria/com P Llevar,12
Andes Origen,1 Lts-Bottle-RET,Verduleria,12
Andes Origen,1 Lts-Bottle-RET,Vinoteca,12
Andes Origen,1/2 Lts-Cans,Kiosco Despensa,6
Andes Origen,1/2 Lts-Cans,Kiosco Bar,6
Andes Origen,1/2 Lts-Cans,Almacen Autoservice,6
Andes Origen,1/2 Lts-Cans,Almacen,6
Andes Origen,1/2 Lts-Cans,Kiosco/maxikiosco,6
Andes Origen,1/2 Lts-Cans,Tienda De Bebidas,6
Andes Origen,1/2 Lts-Cans,Carniceria/polleria,6
Andes Origen,1/2 Lts-Cans,Carniceria Premium,6
Andes Origen,1/2 Lts-Cans,Casa De Pastas,6
Andes Origen,1/2 Lts-Cans,Dietetica,6
Andes Origen,1/2 Lts-Cans,Farmacia,6
Andes Origen,1/2 Lts-Cans,Fiambreria/queseria,6
Andes Origen,1/2 Lts-Cans,Otros K+t,6
Andes Origen,1/2 Lts-Cans,Panaderia / Pasteleria,6
Andes Origen,1/2 Lts-Cans,Pescaderia,6
Andes Origen,1/2 Lts-Cans,Rotiseria/com P Llevar,6
Andes Origen,1/2 Lts-Cans,Verduleria,6
Andes Origen,1/2 Lts-Cans,Vinoteca,6
Andes Origen,1/2 Lts-Cans,Autoservicio Cadena,24
Andes Origen,1/2 Lts-Cans,Autoservicio Independiente,24
Andes Origen,1/3 Lts-Bottle-RET,Autoservicio Cadena,24
Andes Origen,1/3 Lts-Bottle-RET,Autoservicio Independiente,24
Andes Origen,1/3 Lts-Bottle-RET,Kiosco Despensa,24
Andes Origen,1/3 Lts-Bottle-RET,Kiosco Bar,24
Andes Origen,1/3 Lts-Bottle-RET,Almacen Autoservice,24
Andes Origen,1/3 Lts-Bottle-RET,Almacen,24
Andes Origen,1/3 Lts-Bottle-RET,Kiosco/maxikiosco,24
Andes Origen,1/3 Lts-Bottle-RET,Tienda De Bebidas,24
Andes Origen,1/3 Lts-Bottle-RET,Carniceria/polleria,24
Andes Origen,1/3 Lts-Bottle-RET,Carniceria Premium,24
Andes Origen,1/3 Lts-Bottle-RET,Casa De Pastas,24
Andes Origen,1/3 Lts-Bottle-RET,Dietetica,24
Andes Origen,1/3 Lts-Bottle-RET,Farmacia,24
Andes Origen,1/3 Lts-Bottle-RET,Fiambreria/queseria,24
Andes Origen,1/3 Lts-Bottle-RET,Otros K+t,24
Andes Origen,1/3 Lts-Bottle-RET,Panaderia / Pasteleria,24
Andes Origen,1/3 Lts-Bottle-RET,Pescaderia,24
Andes Origen,1/3 Lts-Bottle-RET,Rotiseria/com P Llevar,24
Andes Origen,1/3 Lts-Bottle-RET,Verduleria,24
Andes Origen,1/3 Lts-Bottle-RET,Vinoteca,24
Andes Origen,1/4 Lts-Cans,Autoservicio Cadena,20
Andes Origen,1/4 Lts-Cans,Autoservicio Independiente,20
Andes Origen,1/4 Lts-Cans,Kiosco Despensa,20
Andes Origen,1/4 Lts-Cans,Kiosco Bar,20
Andes Origen,1/4 Lts-Cans,Almacen Autoservice,20
Andes Origen,1/4 Lts-Cans,Almacen,20
Andes Origen,1/4 Lts-Cans,Kiosco/maxikiosco,20
Andes Origen,1/4 Lts-Cans,Tienda De Bebidas,20
Andes Origen,1/4 Lts-Cans,Carniceria/polleria,20
Andes Origen,1/4 Lts-Cans,Carniceria Premium,20
Andes Origen,1/4 Lts-Cans,Casa De Pastas,20
Andes Origen,1/4 Lts-Cans,Dietetica,20
Andes Origen,1/4 Lts-Cans,Farmacia,20
Andes Origen,1/4 Lts-Cans,Fiambreria/queseria,20
Andes Origen,1/4 Lts-Cans,Otros K+t,20
Andes Origen,1/4 Lts-Cans,Panaderia / Pasteleria,20
Andes Origen,1/4 Lts-Cans,Pescaderia,20
Andes Origen,1/4 Lts-Cans,Rotiseria/com P Llevar,20
Andes Origen,1/4 Lts-Cans,Verduleria,20
Andes Origen,1/4 Lts-Cans,Vinoteca,20
Andes Origen,20 Lts-Barrel,Autoservicio Cadena,1
Andes Origen,20 Lts-Barrel,Autoservicio Independiente,1
Andes Origen,20 Lts-Barrel,Kiosco Despensa,1
Andes Origen,20 Lts-Barrel,Kiosco Bar,1
Andes Origen,20 Lts-Barrel,Almacen Autoservice,1
Andes Origen,20 Lts-Barrel,Almacen,1
Andes Origen,20 Lts-Barrel,Kiosco/maxikiosco,1
Andes Origen,20 Lts-Barrel,Tienda De Bebidas,1
Andes Origen,20 Lts-Barrel,Carniceria/polleria,1
Andes Origen,20 Lts-Barrel,Carniceria Premium,1
Andes Origen,20 Lts-Barrel,Casa De Pastas,1
Andes Origen,20 Lts-Barrel,Dietetica,1
Andes Origen,20 Lts-Barrel,Farmacia,1
Andes Origen,20 Lts-Barrel,Fiambreria/queseria,1
Andes Origen,20 Lts-Barrel,Otros K+t,1
Andes Origen,20 Lts-Barrel,Panaderia / Pasteleria,1
Andes Origen,20 Lts-Barrel,Pescaderia,1
Andes Origen,20 Lts-Barrel,Rotiseria/com P Llevar,1
Andes Origen,20 Lts-Barrel,Verduleria,1
Andes Origen,20 Lts-Barrel,Vinoteca,1
Brahma,1 Lts-Bottle-RET,Autoservicio Cadena,12
Brahma,1 Lts-Bottle-RET,Autoservicio Independiente,12
Brahma,1 Lts-Bottle-RET,Kiosco Despensa,12
Brahma,1 Lts-Bottle-RET,Kiosco Bar,12
Brahma,1 Lts-Bottle-RET,Almacen Autoservice,12
Brahma,1 Lts-Bottle-RET,Almacen,12
Brahma,1 Lts-Bottle-RET,Kiosco/maxikiosco,12
Brahma,1 Lts-Bottle-RET,Tienda De Bebidas,12
Brahma,1 Lts-Bottle-RET,Carniceria/polleria,12
Brahma,1 Lts-Bottle-RET,Carniceria Premium,12
Brahma,1 Lts-Bottle-RET,Casa De Pastas,12
Brahma,1 Lts-Bottle-RET,Dietetica,12
Brahma,1 Lts-Bottle-RET,Farmacia,12
Brahma,1 Lts-Bottle-RET,Fiambreria/queseria,12
Brahma,1 Lts-Bottle-RET,Otros K+t,12
Brahma,1 Lts-Bottle-RET,Panaderia / Pasteleria,12
Brahma,1 Lts-Bottle-RET,Pescaderia,12
Brahma,1 Lts-Bottle-RET,Rotiseria/com P Llevar,12
Brahma,1 Lts-Bottle-RET,Verduleria,12
Brahma,1 Lts-Bottle-RET,Vinoteca,12
Brahma,1.2 Lts-Bottle-RET,Autoservicio Cadena,10
Brahma,1.2 Lts-Bottle-RET,Autoservicio Independiente,10
Brahma,1.2 Lts-Bottle-RET,Kiosco Despensa,10
Brahma,1.2 Lts-Bottle-RET,Kiosco Bar,10
Brahma,1.2 Lts-Bottle-RET,Almacen Autoservice,10
Brahma,1.2 Lts-Bottle-RET,Almacen,10
Brahma,1.2 Lts-Bottle-RET,Kiosco/maxikiosco,10
Brahma,1.2 Lts-Bottle-RET,Tienda De Bebidas,10
Brahma,1.2 Lts-Bottle-RET,Carniceria/polleria,10
Brahma,1.2 Lts-Bottle-RET,Carniceria Premium,10
Brahma,1.2 Lts-Bottle-RET,Casa De Pastas,10
Brahma,1.2 Lts-Bottle-RET,Dietetica,10
Brahma,1.2 Lts-Bottle-RET,Farmacia,10
Brahma,1.2 Lts-Bottle-RET,Fiambreria/queseria,10
Brahma,1.2 Lts-Bottle-RET,Otros K+t,10
Brahma,1.2 Lts-Bottle-RET,Panaderia / Pasteleria,10
Brahma,1.2 Lts-Bottle-RET,Pescaderia,10
Brahma,1.2 Lts-Bottle-RET,Rotiseria/com P Llevar,10
Brahma,1.2 Lts-Bottle-RET,Verduleria,10
Brahma,1.2 Lts-Bottle-RET,Vinoteca,10
Brahma,1/2 Lts-Cans,Autoservicio Cadena,24
Brahma,1/2 Lts-Cans,Autoservicio Independiente,24
Brahma,1/2 Lts-Cans,Kiosco Despensa,24
Brahma,1/2 Lts-Cans,Kiosco Bar,24
Brahma,1/2 Lts-Cans,Almacen Autoservice,24
Brahma,1/2 Lts-Cans,Almacen,24
Brahma,1/2 Lts-Cans,Kiosco/maxikiosco,24
Brahma,1/2 Lts-Cans,Tienda De Bebidas,24
Brahma,1/2 Lts-Cans,Carniceria/polleria,24
Brahma,1/2 Lts-Cans,Carniceria Premium,24
Brahma,1/2 Lts-Cans,Casa De Pastas,24
Brahma,1/2 Lts-Cans,Dietetica,24
Brahma,1/2 Lts-Cans,Farmacia,24
Brahma,1/2 Lts-Cans,Fiambreria/queseria,24
Brahma,1/2 Lts-Cans,Otros K+t,24
Brahma,1/2 Lts-Cans,Panaderia / Pasteleria,24
Brahma,1/2 Lts-Cans,Pescaderia,24
Brahma,1/2 Lts-Cans,Rotiseria/com P Llevar,24
Brahma,1/2 Lts-Cans,Verduleria,24
Brahma,1/2 Lts-Cans,Vinoteca,24
Brahma,1/3 Lts-Bottle-OW,Autoservicio Cadena,24
Brahma,1/3 Lts-Bottle-OW,Autoservicio Independiente,24
Brahma,1/3 Lts-Bottle-OW,Kiosco Despensa,24
Brahma,1/3 Lts-Bottle-OW,Kiosco Bar,24
Brahma,1/3 Lts-Bottle-OW,Almacen Autoservice,24
Brahma,1/3 Lts-Bottle-OW,Almacen,24
Brahma,1/3 Lts-Bottle-OW,Kiosco/maxikiosco,24
Brahma,1/3 Lts-Bottle-OW,Tienda De Bebidas,24
Brahma,1/3 Lts-Bottle-OW,Carniceria/polleria,24
Brahma,1/3 Lts-Bottle-OW,Carniceria Premium,24
Brahma,1/3 Lts-Bottle-OW,Casa De Pastas,24
Brahma,1/3 Lts-Bottle-OW,Dietetica,24
Brahma,1/3 Lts-Bottle-OW,Farmacia,24
Brahma,1/3 Lts-Bottle-OW,Fiambreria/queseria,24
Brahma,1/3 Lts-Bottle-OW,Otros K+t,24
Brahma,1/3 Lts-Bottle-OW,Panaderia / Pasteleria,24
Brahma,1/3 Lts-Bottle-OW,Pescaderia,24
Brahma,1/3 Lts-Bottle-OW,Rotiseria/com P Llevar,24
Brahma,1/3 Lts-Bottle-OW,Verduleria,24
Brahma,1/3 Lts-Bottle-OW,Vinoteca,24
Brahma,1/3 Lts-Bottle-RET,Autoservicio Cadena,24
Brahma,1/3 Lts-Bottle-RET,Autoservicio Independiente,24
Brahma,1/3 Lts-Bottle-RET,Kiosco Despensa,24
Brahma,1/3 Lts-Bottle-RET,Kiosco Bar,24
Brahma,1/3 Lts-Bottle-RET,Almacen Autoservice,24
Brahma,1/3 Lts-Bottle-RET,Almacen,24
Brahma,1/3 Lts-Bottle-RET,Kiosco/maxikiosco,24
Brahma,1/3 Lts-Bottle-RET,Tienda De Bebidas,24
Brahma,1/3 Lts-Bottle-RET,Carniceria/polleria,24
Brahma,1/3 Lts-Bottle-RET,Carniceria Premium,24
Brahma,1/3 Lts-Bottle-RET,Casa De Pastas,24
Brahma,1/3 Lts-Bottle-RET,Dietetica,24
Brahma,1/3 Lts-Bottle-RET,Farmacia,24
Brahma,1/3 Lts-Bottle-RET,Fiambreria/queseria,24
Brahma,1/3 Lts-Bottle-RET,Otros K+t,24
Brahma,1/3 Lts-Bottle-RET,Panaderia / Pasteleria,24
Brahma,1/3 Lts-Bottle-RET,Pescaderia,24
Brahma,1/3 Lts-Bottle-RET,Rotiseria/com P Llevar,24
Brahma,1/3 Lts-Bottle-RET,Verduleria,24
Brahma,1/3 Lts-Bottle-RET,Vinoteca,24
Brahma,1/3 Lts-Cans,Autoservicio Cadena,24
Brahma,1/3 Lts-Cans,Autoservicio Independiente,24
Brahma,1/3 Lts-Cans,Kiosco Despensa,24
Brahma,1/3 Lts-Cans,Kiosco Bar,24
Brahma,1/3 Lts-Cans,Almacen Autoservice,24
Brahma,1/3 Lts-Cans,Almacen,24
Brahma,1/3 Lts-Cans,Kiosco/maxikiosco,24
Brahma,1/3 Lts-Cans,Tienda De Bebidas,24
Brahma,1/3 Lts-Cans,Carniceria/polleria,24
Brahma,1/3 Lts-Cans,Carniceria Premium,24
Brahma,1/3 Lts-Cans,Casa De Pastas,24
Brahma,1/3 Lts-Cans,Dietetica,24
Brahma,1/3 Lts-Cans,Farmacia,24
Brahma,1/3 Lts-Cans,Fiambreria/queseria,24
Brahma,1/3 Lts-Cans,Otros K+t,24
Brahma,1/3 Lts-Cans,Panaderia / Pasteleria,24
Brahma,1/3 Lts-Cans,Pescaderia,24
Brahma,1/3 Lts-Cans,Rotiseria/com P Llevar,24
Brahma,1/3 Lts-Cans,Verduleria,24
Brahma,1/3 Lts-Cans,Vinoteca,24
Brahma,1/4 Lts-Cans,Autoservicio Cadena,24
Brahma,1/4 Lts-Cans,Autoservicio Independiente,24
Brahma,1/4 Lts-Cans,Kiosco Despensa,24
Brahma,1/4 Lts-Cans,Kiosco Bar,24
Brahma,1/4 Lts-Cans,Almacen Autoservice,24
Brahma,1/4 Lts-Cans,Almacen,24
Brahma,1/4 Lts-Cans,Kiosco/maxikiosco,24
Brahma,1/4 Lts-Cans,Tienda De Bebidas,24
Brahma,1/4 Lts-Cans,Carniceria/polleria,24
Brahma,1/4 Lts-Cans,Carniceria Premium,24
Brahma,1/4 Lts-Cans,Casa De Pastas,24
Brahma,1/4 Lts-Cans,Dietetica,24
Brahma,1/4 Lts-Cans,Farmacia,24
Brahma,1/4 Lts-Cans,Fiambreria/queseria,24
Brahma,1/4 Lts-Cans,Otros K+t,24
Brahma,1/4 Lts-Cans,Panaderia / Pasteleria,24
Brahma,1/4 Lts-Cans,Pescaderia,24
Brahma,1/4 Lts-Cans,Rotiseria/com P Llevar,24
Brahma,1/4 Lts-Cans,Verduleria,24
Brahma,1/4 Lts-Cans,Vinoteca,24
Brahma,3/4 Lts-Bottle-OW,Autoservicio Cadena,6
Brahma,3/4 Lts-Bottle-OW,Autoservicio Independiente,6
Brahma,3/4 Lts-Bottle-OW,Kiosco Despensa,6
Brahma,3/4 Lts-Bottle-OW,Kiosco Bar,6
Brahma,3/4 Lts-Bottle-OW,Almacen Autoservice,6
Brahma,3/4 Lts-Bottle-OW,Almacen,6
Brahma,3/4 Lts-Bottle-OW,Kiosco/maxikiosco,6
Brahma,3/4 Lts-Bottle-OW,Tienda De Bebidas,6
Brahma,3/4 Lts-Bottle-OW,Carniceria/polleria,6
Brahma,3/4 Lts-Bottle-OW,Carniceria Premium,6
Brahma,3/4 Lts-Bottle-OW,Casa De Pastas,6
Brahma,3/4 Lts-Bottle-OW,Dietetica,6
Brahma,3/4 Lts-Bottle-OW,Farmacia,6
Brahma,3/4 Lts-Bottle-OW,Fiambreria/queseria,6
Brahma,3/4 Lts-Bottle-OW,Otros K+t,6
Brahma,3/4 Lts-Bottle-OW,Panaderia / Pasteleria,6
Brahma,3/4 Lts-Bottle-OW,Pescaderia,6
Brahma,3/4 Lts-Bottle-OW,Rotiseria/com P Llevar,6
Brahma,3/4 Lts-Bottle-OW,Verduleria,6
Brahma,3/4 Lts-Bottle-OW,Vinoteca,6
Budweiser,1 Lts-Bottle-RET,Autoservicio Cadena,12
Budweiser,1 Lts-Bottle-RET,Autoservicio Independiente,12
Budweiser,1 Lts-Bottle-RET,Kiosco Despensa,12
Budweiser,1 Lts-Bottle-RET,Kiosco Bar,12
Budweiser,1 Lts-Bottle-RET,Almacen Autoservice,12
Budweiser,1 Lts-Bottle-RET,Almacen,12
Budweiser,1 Lts-Bottle-RET,Kiosco/maxikiosco,12
Budweiser,1 Lts-Bottle-RET,Tienda De Bebidas,12
Budweiser,1 Lts-Bottle-RET,Carniceria/polleria,12
Budweiser,1 Lts-Bottle-RET,Carniceria Premium,12
Budweiser,1 Lts-Bottle-RET,Casa De Pastas,12
Budweiser,1 Lts-Bottle-RET,Dietetica,12
Budweiser,1 Lts-Bottle-RET,Farmacia,12
Budweiser,1 Lts-Bottle-RET,Fiambreria/queseria,12
Budweiser,1 Lts-Bottle-RET,Otros K+t,12
Budweiser,1 Lts-Bottle-RET,Panaderia / Pasteleria,12
Budweiser,1 Lts-Bottle-RET,Pescaderia,12
Budweiser,1 Lts-Bottle-RET,Rotiseria/com P Llevar,12
Budweiser,1 Lts-Bottle-RET,Verduleria,12
Budweiser,1 Lts-Bottle-RET,Vinoteca,12
Budweiser,1/2 Lts-Cans,Autoservicio Cadena,24
Budweiser,1/2 Lts-Cans,Autoservicio Independiente,24
Budweiser,1/2 Lts-Cans,Kiosco Despensa,24
Budweiser,1/2 Lts-Cans,Kiosco Bar,24
Budweiser,1/2 Lts-Cans,Almacen Autoservice,24
Budweiser,1/2 Lts-Cans,Almacen,24
Budweiser,1/2 Lts-Cans,Kiosco/maxikiosco,24
Budweiser,1/2 Lts-Cans,Tienda De Bebidas,24
Budweiser,1/2 Lts-Cans,Carniceria/polleria,24
Budweiser,1/2 Lts-Cans,Carniceria Premium,24
Budweiser,1/2 Lts-Cans,Casa De Pastas,24
Budweiser,1/2 Lts-Cans,Dietetica,24
Budweiser,1/2 Lts-Cans,Farmacia,24
Budweiser,1/2 Lts-Cans,Fiambreria/queseria,24
Budweiser,1/2 Lts-Cans,Otros K+t,24
Budweiser,1/2 Lts-Cans,Panaderia / Pasteleria,24
Budweiser,1/2 Lts-Cans,Pescaderia,24
Budweiser,1/2 Lts-Cans,Rotiseria/com P Llevar,24
Budweiser,1/2 Lts-Cans,Verduleria,24
Budweiser,1/2 Lts-Cans,Vinoteca,24
Budweiser,1/3 Lts-Bottle-OW,Autoservicio Cadena,24
Budweiser,1/3 Lts-Bottle-OW,Autoservicio Independiente,24
Budweiser,1/3 Lts-Bottle-OW,Kiosco Despensa,24
Budweiser,1/3 Lts-Bottle-OW,Kiosco Bar,24
Budweiser,1/3 Lts-Bottle-OW,Almacen Autoservice,24
Budweiser,1/3 Lts-Bottle-OW,Almacen,24
Budweiser,1/3 Lts-Bottle-OW,Kiosco/maxikiosco,24
Budweiser,1/3 Lts-Bottle-OW,Tienda De Bebidas,24
Budweiser,1/3 Lts-Bottle-OW,Carniceria/polleria,24
Budweiser,1/3 Lts-Bottle-OW,Carniceria Premium,24
Budweiser,1/3 Lts-Bottle-OW,Casa De Pastas,24
Budweiser,1/3 Lts-Bottle-OW,Dietetica,24
Budweiser,1/3 Lts-Bottle-OW,Farmacia,24
Budweiser,1/3 Lts-Bottle-OW,Fiambreria/queseria,24
Budweiser,1/3 Lts-Bottle-OW,Otros K+t,24
Budweiser,1/3 Lts-Bottle-OW,Panaderia / Pasteleria,24
Budweiser,1/3 Lts-Bottle-OW,Pescaderia,24
Budweiser,1/3 Lts-Bottle-OW,Rotiseria/com P Llevar,24
Budweiser,1/3 Lts-Bottle-OW,Verduleria,24
Budweiser,1/3 Lts-Bottle-OW,Vinoteca,24
Budweiser,1/3 Lts-Bottle-RET,Autoservicio Cadena,24
Budweiser,1/3 Lts-Bottle-RET,Autoservicio Independiente,24
Budweiser,1/3 Lts-Bottle-RET,Kiosco Despensa,24
Budweiser,1/3 Lts-Bottle-RET,Kiosco Bar,24
Budweiser,1/3 Lts-Bottle-RET,Almacen Autoservice,24
Budweiser,1/3 Lts-Bottle-RET,Almacen,24
Budweiser,1/3 Lts-Bottle-RET,Kiosco/maxikiosco,24
Budweiser,1/3 Lts-Bottle-RET,Tienda De Bebidas,24
Budweiser,1/3 Lts-Bottle-RET,Carniceria/polleria,24
Budweiser,1/3 Lts-Bottle-RET,Carniceria Premium,24
Budweiser,1/3 Lts-Bottle-RET,Casa De Pastas,24
Budweiser,1/3 Lts-Bottle-RET,Dietetica,24
Budweiser,1/3 Lts-Bottle-RET,Farmacia,24
Budweiser,1/3 Lts-Bottle-RET,Fiambreria/queseria,24
Budweiser,1/3 Lts-Bottle-RET,Otros K+t,24
Budweiser,1/3 Lts-Bottle-RET,Panaderia / Pasteleria,24
Budweiser,1/3 Lts-Bottle-RET,Pescaderia,24
Budweiser,1/3 Lts-Bottle-RET,Rotiseria/com P Llevar,24
Budweiser,1/3 Lts-Bottle-RET,Verduleria,24
Budweiser,1/3 Lts-Bottle-RET,Vinoteca,24
Budweiser,1/3 Lts-Cans,Autoservicio Cadena,6
Budweiser,1/3 Lts-Cans,Autoservicio Independiente,6
Budweiser,1/3 Lts-Cans,Kiosco Despensa,6
Budweiser,1/3 Lts-Cans,Kiosco Bar,6
Budweiser,1/3 Lts-Cans,Almacen Autoservice,6
Budweiser,1/3 Lts-Cans,Almacen,6
Budweiser,1/3 Lts-Cans,Kiosco/maxikiosco,6
Budweiser,1/3 Lts-Cans,Tienda De Bebidas,6
Budweiser,1/3 Lts-Cans,Carniceria/polleria,6
Budweiser,1/3 Lts-Cans,Carniceria Premium,6
Budweiser,1/3 Lts-Cans,Casa De Pastas,6
Budweiser,1/3 Lts-Cans,Dietetica,6
Budweiser,1/3 Lts-Cans,Farmacia,6
Budweiser,1/3 Lts-Cans,Fiambreria/queseria,6
Budweiser,1/3 Lts-Cans,Otros K+t,6
Budweiser,1/3 Lts-Cans,Panaderia / Pasteleria,6
Budweiser,1/3 Lts-Cans,Pescaderia,6
Budweiser,1/3 Lts-Cans,Rotiseria/com P Llevar,6
Budweiser,1/3 Lts-Cans,Verduleria,6
Budweiser,1/3 Lts-Cans,Vinoteca,6
Budweiser,2/3 Lts-Cans,Carniceria/polleria,4
Budweiser,2/3 Lts-Cans,Carniceria Premium,4
Budweiser,2/3 Lts-Cans,Casa De Pastas,4
Budweiser,2/3 Lts-Cans,Dietetica,4
Budweiser,2/3 Lts-Cans,Farmacia,4
Budweiser,2/3 Lts-Cans,Fiambreria/queseria,4
Budweiser,2/3 Lts-Cans,Otros K+t,4
Budweiser,2/3 Lts-Cans,Panaderia / Pasteleria,4
Budweiser,2/3 Lts-Cans,Pescaderia,4
Budweiser,2/3 Lts-Cans,Rotiseria/com P Llevar,4
Budweiser,2/3 Lts-Cans,Verduleria,4
Budweiser,2/3 Lts-Cans,Vinoteca,4
Budweiser,2/3 Lts-Cans,Autoservicio Cadena,16
Budweiser,2/3 Lts-Cans,Autoservicio Independiente,16
Budweiser,2/3 Lts-Cans,Kiosco Despensa,16
Budweiser,2/3 Lts-Cans,Kiosco Bar,16
Budweiser,2/3 Lts-Cans,Almacen Autoservice,16
Budweiser,2/3 Lts-Cans,Almacen,16
Budweiser,2/3 Lts-Cans,Kiosco/maxikiosco,16
Budweiser,2/3 Lts-Cans,Tienda De Bebidas,16
Budweiser,20 Lts-Barrel,Autoservicio Cadena,1
Budweiser,20 Lts-Barrel,Autoservicio Independiente,1
Budweiser,20 Lts-Barrel,Kiosco Despensa,1
Budweiser,20 Lts-Barrel,Kiosco Bar,1
Budweiser,20 Lts-Barrel,Almacen Autoservice,1
Budweiser,20 Lts-Barrel,Almacen,1
Budweiser,20 Lts-Barrel,Kiosco/maxikiosco,1
Budweiser,20 Lts-Barrel,Tienda De Bebidas,1
Budweiser,20 Lts-Barrel,Carniceria/polleria,1
Budweiser,20 Lts-Barrel,Carniceria Premium,1
Budweiser,20 Lts-Barrel,Casa De Pastas,1
Budweiser,20 Lts-Barrel,Dietetica,1
Budweiser,20 Lts-Barrel,Farmacia,1
Budweiser,20 Lts-Barrel,Fiambreria/queseria,1
Budweiser,20 Lts-Barrel,Otros K+t,1
Budweiser,20 Lts-Barrel,Panaderia / Pasteleria,1
Budweiser,20 Lts-Barrel,Pescaderia,1
Budweiser,20 Lts-Barrel,Rotiseria/com P Llevar,1
Budweiser,20 Lts-Barrel,Verduleria,1
Budweiser,20 Lts-Barrel,Vinoteca,1
Budweiser,3/4 Lts-Bottle-OW,Autoservicio Cadena,6
Budweiser,3/4 Lts-Bottle-OW,Autoservicio Independiente,6
Budweiser,3/4 Lts-Bottle-OW,Kiosco Despensa,6
Budweiser,3/4 Lts-Bottle-OW,Kiosco Bar,6
Budweiser,3/4 Lts-Bottle-OW,Almacen Autoservice,6
Budweiser,3/4 Lts-Bottle-OW,Almacen,6
Budweiser,3/4 Lts-Bottle-OW,Kiosco/maxikiosco,6
Budweiser,3/4 Lts-Bottle-OW,Tienda De Bebidas,6
Budweiser,3/4 Lts-Bottle-OW,Carniceria/polleria,6
Budweiser,3/4 Lts-Bottle-OW,Carniceria Premium,6
Budweiser,3/4 Lts-Bottle-OW,Casa De Pastas,6
Budweiser,3/4 Lts-Bottle-OW,Dietetica,6
Budweiser,3/4 Lts-Bottle-OW,Farmacia,6
Budweiser,3/4 Lts-Bottle-OW,Fiambreria/queseria,6
Budweiser,3/4 Lts-Bottle-OW,Otros K+t,6
Budweiser,3/4 Lts-Bottle-OW,Panaderia / Pasteleria,6
Budweiser,3/4 Lts-Bottle-OW,Pescaderia,6
Budweiser,3/4 Lts-Bottle-OW,Rotiseria/com P Llevar,6
Budweiser,3/4 Lts-Bottle-OW,Verduleria,6
Budweiser,3/4 Lts-Bottle-OW,Vinoteca,6
Corona,1/2 Lts-Cans,Kiosco Despensa,6
Corona,1/2 Lts-Cans,Kiosco Bar,6
Corona,1/2 Lts-Cans,Almacen Autoservice,6
Corona,1/2 Lts-Cans,Almacen,6
Corona,1/2 Lts-Cans,Kiosco/maxikiosco,6
Corona,1/2 Lts-Cans,Tienda De Bebidas,6
Corona,1/2 Lts-Cans,Carniceria/polleria,6
Corona,1/2 Lts-Cans,Carniceria Premium,6
Corona,1/2 Lts-Cans,Casa De Pastas,6
Corona,1/2 Lts-Cans,Dietetica,6
Corona,1/2 Lts-Cans,Farmacia,6
Corona,1/2 Lts-Cans,Fiambreria/queseria,6
Corona,1/2 Lts-Cans,Otros K+t,6
Corona,1/2 Lts-Cans,Panaderia / Pasteleria,6
Corona,1/2 Lts-Cans,Pescaderia,6
Corona,1/2 Lts-Cans,Rotiseria/com P Llevar,6
Corona,1/2 Lts-Cans,Verduleria,6
Corona,1/2 Lts-Cans,Vinoteca,6
Corona,1/2 Lts-Cans,Autoservicio Cadena,24
Corona,1/2 Lts-Cans,Autoservicio Independiente,24
Corona,1/3 Lts-Bottle-OW,Autoservicio Cadena,24
Corona,1/3 Lts-Bottle-OW,Autoservicio Independiente,24
Corona,1/3 Lts-Bottle-OW,Kiosco Despensa,24
Corona,1/3 Lts-Bottle-OW,Kiosco Bar,24
Corona,1/3 Lts-Bottle-OW,Almacen Autoservice,24
Corona,1/3 Lts-Bottle-OW,Almacen,24
Corona,1/3 Lts-Bottle-OW,Kiosco/maxikiosco,24
Corona,1/3 Lts-Bottle-OW,Tienda De Bebidas,24
Corona,1/3 Lts-Bottle-OW,Carniceria/polleria,24
Corona,1/3 Lts-Bottle-OW,Carniceria Premium,24
Corona,1/3 Lts-Bottle-OW,Casa De Pastas,24
Corona,1/3 Lts-Bottle-OW,Dietetica,24
Corona,1/3 Lts-Bottle-OW,Farmacia,24
Corona,1/3 Lts-Bottle-OW,Fiambreria/queseria,24
Corona,1/3 Lts-Bottle-OW,Otros K+t,24
Corona,1/3 Lts-Bottle-OW,Panaderia / Pasteleria,24
Corona,1/3 Lts-Bottle-OW,Pescaderia,24
Corona,1/3 Lts-Bottle-OW,Rotiseria/com P Llevar,24
Corona,1/3 Lts-Bottle-OW,Verduleria,24
Corona,1/3 Lts-Bottle-OW,Vinoteca,24
Corona,1/4 Lts-Cans,Kiosco Despensa,10
Corona,1/4 Lts-Cans,Kiosco Bar,10
Corona,1/4 Lts-Cans,Almacen Autoservice,10
Corona,1/4 Lts-Cans,Almacen,10
Corona,1/4 Lts-Cans,Kiosco/maxikiosco,10
Corona,1/4 Lts-Cans,Tienda De Bebidas,10
Corona,1/4 Lts-Cans,Carniceria/polleria,10
Corona,1/4 Lts-Cans,Carniceria Premium,10
Corona,1/4 Lts-Cans,Casa De Pastas,10
Corona,1/4 Lts-Cans,Dietetica,10
Corona,1/4 Lts-Cans,Farmacia,10
Corona,1/4 Lts-Cans,Fiambreria/queseria,10
Corona,1/4 Lts-Cans,Otros K+t,10
Corona,1/4 Lts-Cans,Panaderia / Pasteleria,10
Corona,1/4 Lts-Cans,Pescaderia,10
Corona,1/4 Lts-Cans,Rotiseria/com P Llevar,10
Corona,1/4 Lts-Cans,Verduleria,10
Corona,1/4 Lts-Cans,Vinoteca,10
Corona,1/4 Lts-Cans,Autoservicio Cadena,20
Corona,1/4 Lts-Cans,Autoservicio Independiente,20
Corona,3/4 Lts-Bottle-OW,Autoservicio Cadena,12
Corona,3/4 Lts-Bottle-OW,Autoservicio Independiente,12
Corona,3/4 Lts-Bottle-OW,Kiosco Despensa,12
Corona,3/4 Lts-Bottle-OW,Kiosco Bar,12
Corona,3/4 Lts-Bottle-OW,Almacen Autoservice,12
Corona,3/4 Lts-Bottle-OW,Almacen,12
Corona,3/4 Lts-Bottle-OW,Kiosco/maxikiosco,12
Corona,3/4 Lts-Bottle-OW,Tienda De Bebidas,12
Corona,3/4 Lts-Bottle-OW,Carniceria/polleria,12
Corona,3/4 Lts-Bottle-OW,Carniceria Premium,12
Corona,3/4 Lts-Bottle-OW,Casa De Pastas,12
Corona,3/4 Lts-Bottle-OW,Dietetica,12
Corona,3/4 Lts-Bottle-OW,Farmacia,12
Corona,3/4 Lts-Bottle-OW,Fiambreria/queseria,12
Corona,3/4 Lts-Bottle-OW,Otros K+t,12
Corona,3/4 Lts-Bottle-OW,Panaderia / Pasteleria,12
Corona,3/4 Lts-Bottle-OW,Pescaderia,12
Corona,3/4 Lts-Bottle-OW,Rotiseria/com P Llevar,12
Corona,3/4 Lts-Bottle-OW,Verduleria,12
Corona,3/4 Lts-Bottle-OW,Vinoteca,12
Franziskaner,1/2 Lts-Bottle-OW,Autoservicio Cadena,20
Franziskaner,1/2 Lts-Bottle-OW,Autoservicio Independiente,20
Franziskaner,1/2 Lts-Bottle-OW,Kiosco Despensa,20
Franziskaner,1/2 Lts-Bottle-OW,Kiosco Bar,20
Franziskaner,1/2 Lts-Bottle-OW,Almacen Autoservice,20
Franziskaner,1/2 Lts-Bottle-OW,Almacen,20
Franziskaner,1/2 Lts-Bottle-OW,Kiosco/maxikiosco,20
Franziskaner,1/2 Lts-Bottle-OW,Tienda De Bebidas,20
Franziskaner,1/2 Lts-Bottle-OW,Carniceria/polleria,20
Franziskaner,1/2 Lts-Bottle-OW,Carniceria Premium,20
Franziskaner,1/2 Lts-Bottle-OW,Casa De Pastas,20
Franziskaner,1/2 Lts-Bottle-OW,Dietetica,20
Franziskaner,1/2 Lts-Bottle-OW,Farmacia,20
Franziskaner,1/2 Lts-Bottle-OW,Fiambreria/queseria,20
Franziskaner,1/2 Lts-Bottle-OW,Otros K+t,20
Franziskaner,1/2 Lts-Bottle-OW,Panaderia / Pasteleria,20
Franziskaner,1/2 Lts-Bottle-OW,Pescaderia,20
Franziskaner,1/2 Lts-Bottle-OW,Rotiseria/com P Llevar,20
Franziskaner,1/2 Lts-Bottle-OW,Verduleria,20
Franziskaner,1/2 Lts-Bottle-OW,Vinoteca,20
Goose,1/2 Lts-Cans,Kiosco Despensa,6
Goose,1/2 Lts-Cans,Kiosco Bar,6
Goose,1/2 Lts-Cans,Almacen Autoservice,6
Goose,1/2 Lts-Cans,Almacen,6
Goose,1/2 Lts-Cans,Kiosco/maxikiosco,6
Goose,1/2 Lts-Cans,Tienda De Bebidas,6
Goose,1/2 Lts-Cans,Carniceria/polleria,6
Goose,1/2 Lts-Cans,Carniceria Premium,6
Goose,1/2 Lts-Cans,Casa De Pastas,6
Goose,1/2 Lts-Cans,Dietetica,6
Goose,1/2 Lts-Cans,Farmacia,6
Goose,1/2 Lts-Cans,Fiambreria/queseria,6
Goose,1/2 Lts-Cans,Otros K+t,6
Goose,1/2 Lts-Cans,Panaderia / Pasteleria,6
Goose,1/2 Lts-Cans,Pescaderia,6
Goose,1/2 Lts-Cans,Rotiseria/com P Llevar,6
Goose,1/2 Lts-Cans,Verduleria,6
Goose,1/2 Lts-Cans,Vinoteca,6
Goose,1/2 Lts-Cans,Autoservicio Cadena,24
Goose,1/2 Lts-Cans,Autoservicio Independiente,24
Goose,20 Lts-Barrel,Autoservicio Cadena,1
Goose,20 Lts-Barrel,Autoservicio Independiente,1
Goose,20 Lts-Barrel,Kiosco Despensa,1
Goose,20 Lts-Barrel,Kiosco Bar,1
Goose,20 Lts-Barrel,Almacen Autoservice,1
Goose,20 Lts-Barrel,Almacen,1
Goose,20 Lts-Barrel,Kiosco/maxikiosco,1
Goose,20 Lts-Barrel,Tienda De Bebidas,1
Goose,20 Lts-Barrel,Carniceria/polleria,1
Goose,20 Lts-Barrel,Carniceria Premium,1
Goose,20 Lts-Barrel,Casa De Pastas,1
Goose,20 Lts-Barrel,Dietetica,1
Goose,20 Lts-Barrel,Farmacia,1
Goose,20 Lts-Barrel,Fiambreria/queseria,1
Goose,20 Lts-Barrel,Otros K+t,1
Goose,20 Lts-Barrel,Panaderia / Pasteleria,1
Goose,20 Lts-Barrel,Pescaderia,1
Goose,20 Lts-Barrel,Rotiseria/com P Llevar,1
Goose,20 Lts-Barrel,Verduleria,1
Goose,20 Lts-Barrel,Vinoteca,1
Hanover,1 Lts-Bottle-RET,Autoservicio Cadena,12
Hanover,1 Lts-Bottle-RET,Autoservicio Independiente,12
Hanover,1 Lts-Bottle-RET,Kiosco Despensa,12
Hanover,1 Lts-Bottle-RET,Kiosco Bar,12
Hanover,1 Lts-Bottle-RET,Almacen Autoservice,12
Hanover,1 Lts-Bottle-RET,Almacen,12
Hanover,1 Lts-Bottle-RET,Kiosco/maxikiosco,12
Hanover,1 Lts-Bottle-RET,Tienda De Bebidas,12
Hanover,1 Lts-Bottle-RET,Carniceria/polleria,12
Hanover,1 Lts-Bottle-RET,Carniceria Premium,12
Hanover,1 Lts-Bottle-RET,Casa De Pastas,12
Hanover,1 Lts-Bottle-RET,Dietetica,12
Hanover,1 Lts-Bottle-RET,Farmacia,12
Hanover,1 Lts-Bottle-RET,Fiambreria/queseria,12
Hanover,1 Lts-Bottle-RET,Otros K+t,12
Hanover,1 Lts-Bottle-RET,Panaderia / Pasteleria,12
Hanover,1 Lts-Bottle-RET,Pescaderia,12
Hanover,1 Lts-Bottle-RET,Rotiseria/com P Llevar,12
Hanover,1 Lts-Bottle-RET,Verduleria,12
Hanover,1 Lts-Bottle-RET,Vinoteca,12
Hoegaarden,1/3 Lts-Bottle-OW,Autoservicio Cadena,24
Hoegaarden,1/3 Lts-Bottle-OW,Autoservicio Independiente,24
Hoegaarden,1/3 Lts-Bottle-OW,Kiosco Despensa,24
Hoegaarden,1/3 Lts-Bottle-OW,Kiosco Bar,24
Hoegaarden,1/3 Lts-Bottle-OW,Almacen Autoservice,24
Hoegaarden,1/3 Lts-Bottle-OW,Almacen,24
Hoegaarden,1/3 Lts-Bottle-OW,Kiosco/maxikiosco,24
Hoegaarden,1/3 Lts-Bottle-OW,Tienda De Bebidas,24
Hoegaarden,1/3 Lts-Bottle-OW,Carniceria/polleria,24
Hoegaarden,1/3 Lts-Bottle-OW,Carniceria Premium,24
Hoegaarden,1/3 Lts-Bottle-OW,Casa De Pastas,24
Hoegaarden,1/3 Lts-Bottle-OW,Dietetica,24
Hoegaarden,1/3 Lts-Bottle-OW,Farmacia,24
Hoegaarden,1/3 Lts-Bottle-OW,Fiambreria/queseria,24
Hoegaarden,1/3 Lts-Bottle-OW,Otros K+t,24
Hoegaarden,1/3 Lts-Bottle-OW,Panaderia / Pasteleria,24
Hoegaarden,1/3 Lts-Bottle-OW,Pescaderia,24
Hoegaarden,1/3 Lts-Bottle-OW,Rotiseria/com P Llevar,24
Hoegaarden,1/3 Lts-Bottle-OW,Verduleria,24
Hoegaarden,1/3 Lts-Bottle-OW,Vinoteca,24
Lowenbrau,1/3 Lts-Bottle-OW,Autoservicio Cadena,24
Lowenbrau,1/3 Lts-Bottle-OW,Autoservicio Independiente,24
Lowenbrau,1/3 Lts-Bottle-OW,Kiosco Despensa,24
Lowenbrau,1/3 Lts-Bottle-OW,Kiosco Bar,24
Lowenbrau,1/3 Lts-Bottle-OW,Almacen Autoservice,24
Lowenbrau,1/3 Lts-Bottle-OW,Almacen,24
Lowenbrau,1/3 Lts-Bottle-OW,Kiosco/maxikiosco,24
Lowenbrau,1/3 Lts-Bottle-OW,Tienda De Bebidas,24
Lowenbrau,1/3 Lts-Bottle-OW,Carniceria/polleria,24
Lowenbrau,1/3 Lts-Bottle-OW,Carniceria Premium,24
Lowenbrau,1/3 Lts-Bottle-OW,Casa De Pastas,24
Lowenbrau,1/3 Lts-Bottle-OW,Dietetica,24
Lowenbrau,1/3 Lts-Bottle-OW,Farmacia,24
Lowenbrau,1/3 Lts-Bottle-OW,Fiambreria/queseria,24
Lowenbrau,1/3 Lts-Bottle-OW,Otros K+t,24
Lowenbrau,1/3 Lts-Bottle-OW,Panaderia / Pasteleria,24
Lowenbrau,1/3 Lts-Bottle-OW,Pescaderia,24
Lowenbrau,1/3 Lts-Bottle-OW,Rotiseria/com P Llevar,24
Lowenbrau,1/3 Lts-Bottle-OW,Verduleria,24
Lowenbrau,1/3 Lts-Bottle-OW,Vinoteca,24
Michelob Ultra,1/2 Lts-Cans,Autoservicio Cadena,6
Michelob Ultra,1/2 Lts-Cans,Autoservicio Independiente,6
Michelob Ultra,1/2 Lts-Cans,Kiosco Despensa,6
Michelob Ultra,1/2 Lts-Cans,Kiosco Bar,6
Michelob Ultra,1/2 Lts-Cans,Almacen Autoservice,6
Michelob Ultra,1/2 Lts-Cans,Almacen,6
Michelob Ultra,1/2 Lts-Cans,Kiosco/maxikiosco,6
Michelob Ultra,1/2 Lts-Cans,Tienda De Bebidas,6
Michelob Ultra,1/2 Lts-Cans,Carniceria/polleria,6
Michelob Ultra,1/2 Lts-Cans,Carniceria Premium,6
Michelob Ultra,1/2 Lts-Cans,Casa De Pastas,6
Michelob Ultra,1/2 Lts-Cans,Dietetica,6
Michelob Ultra,1/2 Lts-Cans,Farmacia,6
Michelob Ultra,1/2 Lts-Cans,Fiambreria/queseria,6
Michelob Ultra,1/2 Lts-Cans,Otros K+t,6
Michelob Ultra,1/2 Lts-Cans,Panaderia / Pasteleria,6
Michelob Ultra,1/2 Lts-Cans,Pescaderia,6
Michelob Ultra,1/2 Lts-Cans,Rotiseria/com P Llevar,6
Michelob Ultra,1/2 Lts-Cans,Verduleria,6
Michelob Ultra,1/2 Lts-Cans,Vinoteca,6
Paceña,1/3 Lts-Bottle-OW,Autoservicio Cadena,24
Paceña,1/3 Lts-Bottle-OW,Autoservicio Independiente,24
Paceña,1/3 Lts-Bottle-OW,Kiosco Despensa,24
Paceña,1/3 Lts-Bottle-OW,Kiosco Bar,24
Paceña,1/3 Lts-Bottle-OW,Almacen Autoservice,24
Paceña,1/3 Lts-Bottle-OW,Almacen,24
Paceña,1/3 Lts-Bottle-OW,Kiosco/maxikiosco,24
Paceña,1/3 Lts-Bottle-OW,Tienda De Bebidas,24
Paceña,1/3 Lts-Bottle-OW,Carniceria/polleria,24
Paceña,1/3 Lts-Bottle-OW,Carniceria Premium,24
Paceña,1/3 Lts-Bottle-OW,Casa De Pastas,24
Paceña,1/3 Lts-Bottle-OW,Dietetica,24
Paceña,1/3 Lts-Bottle-OW,Farmacia,24
Paceña,1/3 Lts-Bottle-OW,Fiambreria/queseria,24
Paceña,1/3 Lts-Bottle-OW,Otros K+t,24
Paceña,1/3 Lts-Bottle-OW,Panaderia / Pasteleria,24
Paceña,1/3 Lts-Bottle-OW,Pescaderia,24
Paceña,1/3 Lts-Bottle-OW,Rotiseria/com P Llevar,24
Paceña,1/3 Lts-Bottle-OW,Verduleria,24
Paceña,1/3 Lts-Bottle-OW,Vinoteca,24
Patagonia,1 Lts-Bottle-RET,Autoservicio Cadena,12
Patagonia,1 Lts-Bottle-RET,Autoservicio Independiente,12
Patagonia,1 Lts-Bottle-RET,Kiosco Despensa,12
Patagonia,1 Lts-Bottle-RET,Kiosco Bar,12
Patagonia,1 Lts-Bottle-RET,Almacen Autoservice,12
Patagonia,1 Lts-Bottle-RET,Almacen,12
Patagonia,1 Lts-Bottle-RET,Kiosco/maxikiosco,12
Patagonia,1 Lts-Bottle-RET,Tienda De Bebidas,12
Patagonia,1 Lts-Bottle-RET,Carniceria/polleria,12
Patagonia,1 Lts-Bottle-RET,Carniceria Premium,12
Patagonia,1 Lts-Bottle-RET,Casa De Pastas,12
Patagonia,1 Lts-Bottle-RET,Dietetica,12
Patagonia,1 Lts-Bottle-RET,Farmacia,12
Patagonia,1 Lts-Bottle-RET,Fiambreria/queseria,12
Patagonia,1 Lts-Bottle-RET,Otros K+t,12
Patagonia,1 Lts-Bottle-RET,Panaderia / Pasteleria,12
Patagonia,1 Lts-Bottle-RET,Pescaderia,12
Patagonia,1 Lts-Bottle-RET,Rotiseria/com P Llevar,12
Patagonia,1 Lts-Bottle-RET,Verduleria,12
Patagonia,1 Lts-Bottle-RET,Vinoteca,12
Patagonia,1/2 Lts-Cans,Kiosco Despensa,6
Patagonia,1/2 Lts-Cans,Kiosco Bar,6
Patagonia,1/2 Lts-Cans,Almacen Autoservice,6
Patagonia,1/2 Lts-Cans,Almacen,6
Patagonia,1/2 Lts-Cans,Kiosco/maxikiosco,6
Patagonia,1/2 Lts-Cans,Tienda De Bebidas,6
Patagonia,1/2 Lts-Cans,Carniceria/polleria,6
Patagonia,1/2 Lts-Cans,Carniceria Premium,6
Patagonia,1/2 Lts-Cans,Casa De Pastas,6
Patagonia,1/2 Lts-Cans,Dietetica,6
Patagonia,1/2 Lts-Cans,Farmacia,6
Patagonia,1/2 Lts-Cans,Fiambreria/queseria,6
Patagonia,1/2 Lts-Cans,Otros K+t,6
Patagonia,1/2 Lts-Cans,Panaderia / Pasteleria,6
Patagonia,1/2 Lts-Cans,Pescaderia,6
Patagonia,1/2 Lts-Cans,Rotiseria/com P Llevar,6
Patagonia,1/2 Lts-Cans,Verduleria,6
Patagonia,1/2 Lts-Cans,Vinoteca,6
Patagonia,1/2 Lts-Cans,Autoservicio Cadena,24
Patagonia,1/2 Lts-Cans,Autoservicio Independiente,24
Patagonia,1/3 Lts-Bottle-OW,Autoservicio Cadena,12
Patagonia,1/3 Lts-Bottle-OW,Autoservicio Independiente,12
Patagonia,1/3 Lts-Bottle-OW,Kiosco Despensa,12
Patagonia,1/3 Lts-Bottle-OW,Kiosco Bar,12
Patagonia,1/3 Lts-Bottle-OW,Almacen Autoservice,12
Patagonia,1/3 Lts-Bottle-OW,Almacen,12
Patagonia,1/3 Lts-Bottle-OW,Kiosco/maxikiosco,12
Patagonia,1/3 Lts-Bottle-OW,Tienda De Bebidas,12
Patagonia,1/3 Lts-Bottle-OW,Carniceria/polleria,12
Patagonia,1/3 Lts-Bottle-OW,Carniceria Premium,12
Patagonia,1/3 Lts-Bottle-OW,Casa De Pastas,12
Patagonia,1/3 Lts-Bottle-OW,Dietetica,12
Patagonia,1/3 Lts-Bottle-OW,Farmacia,12
Patagonia,1/3 Lts-Bottle-OW,Fiambreria/queseria,12
Patagonia,1/3 Lts-Bottle-OW,Otros K+t,12
Patagonia,1/3 Lts-Bottle-OW,Panaderia / Pasteleria,12
Patagonia,1/3 Lts-Bottle-OW,Pescaderia,12
Patagonia,1/3 Lts-Bottle-OW,Rotiseria/com P Llevar,12
Patagonia,1/3 Lts-Bottle-OW,Verduleria,12
Patagonia,1/3 Lts-Bottle-OW,Vinoteca,12
Patagonia,1/4 Lts-Cans,Autoservicio Cadena,20
Patagonia,1/4 Lts-Cans,Autoservicio Independiente,20
Patagonia,1/4 Lts-Cans,Kiosco Despensa,20
Patagonia,1/4 Lts-Cans,Kiosco Bar,20
Patagonia,1/4 Lts-Cans,Almacen Autoservice,20
Patagonia,1/4 Lts-Cans,Almacen,20
Patagonia,1/4 Lts-Cans,Kiosco/maxikiosco,20
Patagonia,1/4 Lts-Cans,Tienda De Bebidas,20
Patagonia,1/4 Lts-Cans,Carniceria/polleria,20
Patagonia,1/4 Lts-Cans,Carniceria Premium,20
Patagonia,1/4 Lts-Cans,Casa De Pastas,20
Patagonia,1/4 Lts-Cans,Dietetica,20
Patagonia,1/4 Lts-Cans,Farmacia,20
Patagonia,1/4 Lts-Cans,Fiambreria/queseria,20
Patagonia,1/4 Lts-Cans,Otros K+t,20
Patagonia,1/4 Lts-Cans,Panaderia / Pasteleria,20
Patagonia,1/4 Lts-Cans,Pescaderia,20
Patagonia,1/4 Lts-Cans,Rotiseria/com P Llevar,20
Patagonia,1/4 Lts-Cans,Verduleria,20
Patagonia,1/4 Lts-Cans,Vinoteca,20
Patagonia,20 Lts-Barrel,Autoservicio Cadena,1
Patagonia,20 Lts-Barrel,Autoservicio Independiente,1
Patagonia,20 Lts-Barrel,Kiosco Despensa,1
Patagonia,20 Lts-Barrel,Kiosco Bar,1
Patagonia,20 Lts-Barrel,Almacen Autoservice,1
Patagonia,20 Lts-Barrel,Almacen,1
Patagonia,20 Lts-Barrel,Kiosco/maxikiosco,1
Patagonia,20 Lts-Barrel,Tienda De Bebidas,1
Patagonia,20 Lts-Barrel,Carniceria/polleria,1
Patagonia,20 Lts-Barrel,Carniceria Premium,1
Patagonia,20 Lts-Barrel,Casa De Pastas,1
Patagonia,20 Lts-Barrel,Dietetica,1
Patagonia,20 Lts-Barrel,Farmacia,1
Patagonia,20 Lts-Barrel,Fiambreria/queseria,1
Patagonia,20 Lts-Barrel,Otros K+t,1
Patagonia,20 Lts-Barrel,Panaderia / Pasteleria,1
Patagonia,20 Lts-Barrel,Pescaderia,1
Patagonia,20 Lts-Barrel,Rotiseria/com P Llevar,1
Patagonia,20 Lts-Barrel,Verduleria,1
Patagonia,20 Lts-Barrel,Vinoteca,1
Patagonia,20000 Lts-Barrel,Autoservicio Cadena,1
Patagonia,20000 Lts-Barrel,Autoservicio Independiente,1
Patagonia,20000 Lts-Barrel,Kiosco Despensa,1
Patagonia,20000 Lts-Barrel,Kiosco Bar,1
Patagonia,20000 Lts-Barrel,Almacen Autoservice,1
Patagonia,20000 Lts-Barrel,Almacen,1
Patagonia,20000 Lts-Barrel,Kiosco/maxikiosco,1
Patagonia,20000 Lts-Barrel,Tienda De Bebidas,1
Patagonia,20000 Lts-Barrel,Carniceria/polleria,1
Patagonia,20000 Lts-Barrel,Carniceria Premium,1
Patagonia,20000 Lts-Barrel,Casa De Pastas,1
Patagonia,20000 Lts-Barrel,Dietetica,1
Patagonia,20000 Lts-Barrel,Farmacia,1
Patagonia,20000 Lts-Barrel,Fiambreria/queseria,1
Patagonia,20000 Lts-Barrel,Otros K+t,1
Patagonia,20000 Lts-Barrel,Panaderia / Pasteleria,1
Patagonia,20000 Lts-Barrel,Pescaderia,1
Patagonia,20000 Lts-Barrel,Rotiseria/com P Llevar,1
Patagonia,20000 Lts-Barrel,Verduleria,1
Patagonia,20000 Lts-Barrel,Vinoteca,1
Patagonia,3/4 Lts-Bottle-OW,Autoservicio Cadena,6
Patagonia,3/4 Lts-Bottle-OW,Autoservicio Independiente,6
Patagonia,3/4 Lts-Bottle-OW,Kiosco Despensa,6
Patagonia,3/4 Lts-Bottle-OW,Kiosco Bar,6
Patagonia,3/4 Lts-Bottle-OW,Almacen Autoservice,6
Patagonia,3/4 Lts-Bottle-OW,Almacen,6
Patagonia,3/4 Lts-Bottle-OW,Kiosco/maxikiosco,6
Patagonia,3/4 Lts-Bottle-OW,Tienda De Bebidas,6
Patagonia,3/4 Lts-Bottle-OW,Carniceria/polleria,6
Patagonia,3/4 Lts-Bottle-OW,Carniceria Premium,6
Patagonia,3/4 Lts-Bottle-OW,Casa De Pastas,6
Patagonia,3/4 Lts-Bottle-OW,Dietetica,6
Patagonia,3/4 Lts-Bottle-OW,Farmacia,6
Patagonia,3/4 Lts-Bottle-OW,Fiambreria/queseria,6
Patagonia,3/4 Lts-Bottle-OW,Otros K+t,6
Patagonia,3/4 Lts-Bottle-OW,Panaderia / Pasteleria,6
Patagonia,3/4 Lts-Bottle-OW,Pescaderia,6
Patagonia,3/4 Lts-Bottle-OW,Rotiseria/com P Llevar,6
Patagonia,3/4 Lts-Bottle-OW,Verduleria,6
Patagonia,3/4 Lts-Bottle-OW,Vinoteca,6
Patagonia,30 Lts-Barrel,Autoservicio Cadena,1
Patagonia,30 Lts-Barrel,Autoservicio Independiente,1
Patagonia,30 Lts-Barrel,Kiosco Despensa,1
Patagonia,30 Lts-Barrel,Kiosco Bar,1
Patagonia,30 Lts-Barrel,Almacen Autoservice,1
Patagonia,30 Lts-Barrel,Almacen,1
Patagonia,30 Lts-Barrel,Kiosco/maxikiosco,1
Patagonia,30 Lts-Barrel,Tienda De Bebidas,1
Patagonia,30 Lts-Barrel,Carniceria/polleria,1
Patagonia,30 Lts-Barrel,Carniceria Premium,1
Patagonia,30 Lts-Barrel,Casa De Pastas,1
Patagonia,30 Lts-Barrel,Dietetica,1
Patagonia,30 Lts-Barrel,Farmacia,1
Patagonia,30 Lts-Barrel,Fiambreria/queseria,1
Patagonia,30 Lts-Barrel,Otros K+t,1
Patagonia,30 Lts-Barrel,Panaderia / Pasteleria,1
Patagonia,30 Lts-Barrel,Pescaderia,1
Patagonia,30 Lts-Barrel,Rotiseria/com P Llevar,1
Patagonia,30 Lts-Barrel,Verduleria,1
Patagonia,30 Lts-Barrel,Vinoteca,1
Pilsen,1/3 Lts-Bottle-OW,Autoservicio Cadena,24
Pilsen,1/3 Lts-Bottle-OW,Autoservicio Independiente,24
Pilsen,1/3 Lts-Bottle-OW,Kiosco Despensa,24
Pilsen,1/3 Lts-Bottle-OW,Kiosco Bar,24
Pilsen,1/3 Lts-Bottle-OW,Almacen Autoservice,24
Pilsen,1/3 Lts-Bottle-OW,Almacen,24
Pilsen,1/3 Lts-Bottle-OW,Kiosco/maxikiosco,24
Pilsen,1/3 Lts-Bottle-OW,Tienda De Bebidas,24
Pilsen,1/3 Lts-Bottle-OW,Carniceria/polleria,24
Pilsen,1/3 Lts-Bottle-OW,Carniceria Premium,24
Pilsen,1/3 Lts-Bottle-OW,Casa De Pastas,24
Pilsen,1/3 Lts-Bottle-OW,Dietetica,24
Pilsen,1/3 Lts-Bottle-OW,Farmacia,24
Pilsen,1/3 Lts-Bottle-OW,Fiambreria/queseria,24
Pilsen,1/3 Lts-Bottle-OW,Otros K+t,24
Pilsen,1/3 Lts-Bottle-OW,Panaderia / Pasteleria,24
Pilsen,1/3 Lts-Bottle-OW,Pescaderia,24
Pilsen,1/3 Lts-Bottle-OW,Rotiseria/com P Llevar,24
Pilsen,1/3 Lts-Bottle-OW,Verduleria,24
Pilsen,1/3 Lts-Bottle-OW,Vinoteca,24
Quilmes,1 Lts-Bottle-RET,Autoservicio Cadena,12
Quilmes,1 Lts-Bottle-RET,Autoservicio Independiente,12
Quilmes,1 Lts-Bottle-RET,Kiosco Despensa,12
Quilmes,1 Lts-Bottle-RET,Kiosco Bar,12
Quilmes,1 Lts-Bottle-RET,Almacen Autoservice,12
Quilmes,1 Lts-Bottle-RET,Almacen,12
Quilmes,1 Lts-Bottle-RET,Kiosco/maxikiosco,12
Quilmes,1 Lts-Bottle-RET,Tienda De Bebidas,12
Quilmes,1 Lts-Bottle-RET,Carniceria/polleria,12
Quilmes,1 Lts-Bottle-RET,Carniceria Premium,12
Quilmes,1 Lts-Bottle-RET,Casa De Pastas,12
Quilmes,1 Lts-Bottle-RET,Dietetica,12
Quilmes,1 Lts-Bottle-RET,Farmacia,12
Quilmes,1 Lts-Bottle-RET,Fiambreria/queseria,12
Quilmes,1 Lts-Bottle-RET,Otros K+t,12
Quilmes,1 Lts-Bottle-RET,Panaderia / Pasteleria,12
Quilmes,1 Lts-Bottle-RET,Pescaderia,12
Quilmes,1 Lts-Bottle-RET,Rotiseria/com P Llevar,12
Quilmes,1 Lts-Bottle-RET,Verduleria,12
Quilmes,1 Lts-Bottle-RET,Vinoteca,12
Quilmes,1.2 Lts-Bottle-RET,Autoservicio Cadena,10
Quilmes,1.2 Lts-Bottle-RET,Autoservicio Independiente,10
Quilmes,1.2 Lts-Bottle-RET,Kiosco Despensa,10
Quilmes,1.2 Lts-Bottle-RET,Kiosco Bar,10
Quilmes,1.2 Lts-Bottle-RET,Almacen Autoservice,10
Quilmes,1.2 Lts-Bottle-RET,Almacen,10
Quilmes,1.2 Lts-Bottle-RET,Kiosco/maxikiosco,10
Quilmes,1.2 Lts-Bottle-RET,Tienda De Bebidas,10
Quilmes,1.2 Lts-Bottle-RET,Carniceria/polleria,10
Quilmes,1.2 Lts-Bottle-RET,Carniceria Premium,10
Quilmes,1.2 Lts-Bottle-RET,Casa De Pastas,10
Quilmes,1.2 Lts-Bottle-RET,Dietetica,10
Quilmes,1.2 Lts-Bottle-RET,Farmacia,10
Quilmes,1.2 Lts-Bottle-RET,Fiambreria/queseria,10
Quilmes,1.2 Lts-Bottle-RET,Otros K+t,10
Quilmes,1.2 Lts-Bottle-RET,Panaderia / Pasteleria,10
Quilmes,1.2 Lts-Bottle-RET,Pescaderia,10
Quilmes,1.2 Lts-Bottle-RET,Rotiseria/com P Llevar,10
Quilmes,1.2 Lts-Bottle-RET,Verduleria,10
Quilmes,1.2 Lts-Bottle-RET,Vinoteca,10
Quilmes,1/2 Lts-Bottle-OW,Autoservicio Cadena,12
Quilmes,1/2 Lts-Bottle-OW,Autoservicio Independiente,12
Quilmes,1/2 Lts-Bottle-OW,Kiosco Despensa,12
Quilmes,1/2 Lts-Bottle-OW,Kiosco Bar,12
Quilmes,1/2 Lts-Bottle-OW,Almacen Autoservice,12
Quilmes,1/2 Lts-Bottle-OW,Almacen,12
Quilmes,1/2 Lts-Bottle-OW,Kiosco/maxikiosco,12
Quilmes,1/2 Lts-Bottle-OW,Tienda De Bebidas,12
Quilmes,1/2 Lts-Bottle-OW,Carniceria/polleria,12
Quilmes,1/2 Lts-Bottle-OW,Carniceria Premium,12
Quilmes,1/2 Lts-Bottle-OW,Casa De Pastas,12
Quilmes,1/2 Lts-Bottle-OW,Dietetica,12
Quilmes,1/2 Lts-Bottle-OW,Farmacia,12
Quilmes,1/2 Lts-Bottle-OW,Fiambreria/queseria,12
Quilmes,1/2 Lts-Bottle-OW,Otros K+t,12
Quilmes,1/2 Lts-Bottle-OW,Panaderia / Pasteleria,12
Quilmes,1/2 Lts-Bottle-OW,Pescaderia,12
Quilmes,1/2 Lts-Bottle-OW,Rotiseria/com P Llevar,12
Quilmes,1/2 Lts-Bottle-OW,Verduleria,12
Quilmes,1/2 Lts-Bottle-OW,Vinoteca,12
Quilmes,1/2 Lts-Cans,Kiosco Despensa,6
Quilmes,1/2 Lts-Cans,Kiosco Bar,6
Quilmes,1/2 Lts-Cans,Almacen Autoservice,6
Quilmes,1/2 Lts-Cans,Almacen,6
Quilmes,1/2 Lts-Cans,Kiosco/maxikiosco,6
Quilmes,1/2 Lts-Cans,Tienda De Bebidas,6
Quilmes,1/2 Lts-Cans,Carniceria/polleria,6
Quilmes,1/2 Lts-Cans,Carniceria Premium,6
Quilmes,1/2 Lts-Cans,Casa De Pastas,6
Quilmes,1/2 Lts-Cans,Dietetica,6
Quilmes,1/2 Lts-Cans,Farmacia,6
Quilmes,1/2 Lts-Cans,Fiambreria/queseria,6
Quilmes,1/2 Lts-Cans,Otros K+t,6
Quilmes,1/2 Lts-Cans,Panaderia / Pasteleria,6
Quilmes,1/2 Lts-Cans,Pescaderia,6
Quilmes,1/2 Lts-Cans,Rotiseria/com P Llevar,6
Quilmes,1/2 Lts-Cans,Verduleria,6
Quilmes,1/2 Lts-Cans,Vinoteca,6
Quilmes,1/2 Lts-Cans,Autoservicio Cadena,24
Quilmes,1/2 Lts-Cans,Autoservicio Independiente,24
Quilmes,1/3 Lts-Bottle-OW,Autoservicio Cadena,6
Quilmes,1/3 Lts-Bottle-OW,Autoservicio Independiente,6
Quilmes,1/3 Lts-Bottle-OW,Kiosco Despensa,6
Quilmes,1/3 Lts-Bottle-OW,Kiosco Bar,6
Quilmes,1/3 Lts-Bottle-OW,Almacen Autoservice,6
Quilmes,1/3 Lts-Bottle-OW,Almacen,6
Quilmes,1/3 Lts-Bottle-OW,Kiosco/maxikiosco,6
Quilmes,1/3 Lts-Bottle-OW,Tienda De Bebidas,6
Quilmes,1/3 Lts-Bottle-OW,Carniceria/polleria,6
Quilmes,1/3 Lts-Bottle-OW,Carniceria Premium,6
Quilmes,1/3 Lts-Bottle-OW,Casa De Pastas,6
Quilmes,1/3 Lts-Bottle-OW,Dietetica,6
Quilmes,1/3 Lts-Bottle-OW,Farmacia,6
Quilmes,1/3 Lts-Bottle-OW,Fiambreria/queseria,6
Quilmes,1/3 Lts-Bottle-OW,Otros K+t,6
Quilmes,1/3 Lts-Bottle-OW,Panaderia / Pasteleria,6
Quilmes,1/3 Lts-Bottle-OW,Pescaderia,6
Quilmes,1/3 Lts-Bottle-OW,Rotiseria/com P Llevar,6
Quilmes,1/3 Lts-Bottle-OW,Verduleria,6
Quilmes,1/3 Lts-Bottle-OW,Vinoteca,6
Quilmes,1/3 Lts-Bottle-RET,Autoservicio Cadena,24
Quilmes,1/3 Lts-Bottle-RET,Autoservicio Independiente,24
Quilmes,1/3 Lts-Bottle-RET,Kiosco Despensa,24
Quilmes,1/3 Lts-Bottle-RET,Kiosco Bar,24
Quilmes,1/3 Lts-Bottle-RET,Almacen Autoservice,24
Quilmes,1/3 Lts-Bottle-RET,Almacen,24
Quilmes,1/3 Lts-Bottle-RET,Kiosco/maxikiosco,24
Quilmes,1/3 Lts-Bottle-RET,Tienda De Bebidas,24
Quilmes,1/3 Lts-Bottle-RET,Carniceria/polleria,24
Quilmes,1/3 Lts-Bottle-RET,Carniceria Premium,24
Quilmes,1/3 Lts-Bottle-RET,Casa De Pastas,24
Quilmes,1/3 Lts-Bottle-RET,Dietetica,24
Quilmes,1/3 Lts-Bottle-RET,Farmacia,24
Quilmes,1/3 Lts-Bottle-RET,Fiambreria/queseria,24
Quilmes,1/3 Lts-Bottle-RET,Otros K+t,24
Quilmes,1/3 Lts-Bottle-RET,Panaderia / Pasteleria,24
Quilmes,1/3 Lts-Bottle-RET,Pescaderia,24
Quilmes,1/3 Lts-Bottle-RET,Rotiseria/com P Llevar,24
Quilmes,1/3 Lts-Bottle-RET,Verduleria,24
Quilmes,1/3 Lts-Bottle-RET,Vinoteca,24
Quilmes,1/3 Lts-Cans,Autoservicio Cadena,24
Quilmes,1/3 Lts-Cans,Autoservicio Independiente,24
Quilmes,1/3 Lts-Cans,Kiosco Despensa,24
Quilmes,1/3 Lts-Cans,Kiosco Bar,24
Quilmes,1/3 Lts-Cans,Almacen Autoservice,24
Quilmes,1/3 Lts-Cans,Almacen,24
Quilmes,1/3 Lts-Cans,Kiosco/maxikiosco,24
Quilmes,1/3 Lts-Cans,Tienda De Bebidas,24
Quilmes,1/3 Lts-Cans,Carniceria/polleria,24
Quilmes,1/3 Lts-Cans,Carniceria Premium,24
Quilmes,1/3 Lts-Cans,Casa De Pastas,24
Quilmes,1/3 Lts-Cans,Dietetica,24
Quilmes,1/3 Lts-Cans,Farmacia,24
Quilmes,1/3 Lts-Cans,Fiambreria/queseria,24
Quilmes,1/3 Lts-Cans,Otros K+t,24
Quilmes,1/3 Lts-Cans,Panaderia / Pasteleria,24
Quilmes,1/3 Lts-Cans,Pescaderia,24
Quilmes,1/3 Lts-Cans,Rotiseria/com P Llevar,24
Quilmes,1/3 Lts-Cans,Verduleria,24
Quilmes,1/3 Lts-Cans,Vinoteca,24
Quilmes,20 Lts-Barrel,Autoservicio Cadena,1
Quilmes,20 Lts-Barrel,Autoservicio Independiente,1
Quilmes,20 Lts-Barrel,Kiosco Despensa,1
Quilmes,20 Lts-Barrel,Kiosco Bar,1
Quilmes,20 Lts-Barrel,Almacen Autoservice,1
Quilmes,20 Lts-Barrel,Almacen,1
Quilmes,20 Lts-Barrel,Kiosco/maxikiosco,1
Quilmes,20 Lts-Barrel,Tienda De Bebidas,1
Quilmes,20 Lts-Barrel,Carniceria/polleria,1
Quilmes,20 Lts-Barrel,Carniceria Premium,1
Quilmes,20 Lts-Barrel,Casa De Pastas,1
Quilmes,20 Lts-Barrel,Dietetica,1
Quilmes,20 Lts-Barrel,Farmacia,1
Quilmes,20 Lts-Barrel,Fiambreria/queseria,1
Quilmes,20 Lts-Barrel,Otros K+t,1
Quilmes,20 Lts-Barrel,Panaderia / Pasteleria,1
Quilmes,20 Lts-Barrel,Pescaderia,1
Quilmes,20 Lts-Barrel,Rotiseria/com P Llevar,1
Quilmes,20 Lts-Barrel,Verduleria,1
Quilmes,20 Lts-Barrel,Vinoteca,1
Quilmes,30 Lts-Barrel,Autoservicio Cadena,1
Quilmes,30 Lts-Barrel,Autoservicio Independiente,1
Quilmes,30 Lts-Barrel,Kiosco Despensa,1
Quilmes,30 Lts-Barrel,Kiosco Bar,1
Quilmes,30 Lts-Barrel,Almacen Autoservice,1
Quilmes,30 Lts-Barrel,Almacen,1
Quilmes,30 Lts-Barrel,Kiosco/maxikiosco,1
Quilmes,30 Lts-Barrel,Tienda De Bebidas,1
Quilmes,30 Lts-Barrel,Carniceria/polleria,1
Quilmes,30 Lts-Barrel,Carniceria Premium,1
Quilmes,30 Lts-Barrel,Casa De Pastas,1
Quilmes,30 Lts-Barrel,Dietetica,1
Quilmes,30 Lts-Barrel,Farmacia,1
Quilmes,30 Lts-Barrel,Fiambreria/queseria,1
Quilmes,30 Lts-Barrel,Otros K+t,1
Quilmes,30 Lts-Barrel,Panaderia / Pasteleria,1
Quilmes,30 Lts-Barrel,Pescaderia,1
Quilmes,30 Lts-Barrel,Rotiseria/com P Llevar,1
Quilmes,30 Lts-Barrel,Verduleria,1
Quilmes,30 Lts-Barrel,Vinoteca,1
Quilmes,50 Lts-Barrel,Autoservicio Cadena,1
Quilmes,50 Lts-Barrel,Autoservicio Independiente,1
Quilmes,50 Lts-Barrel,Kiosco Despensa,1
Quilmes,50 Lts-Barrel,Kiosco Bar,1
Quilmes,50 Lts-Barrel,Almacen Autoservice,1
Quilmes,50 Lts-Barrel,Almacen,1
Quilmes,50 Lts-Barrel,Kiosco/maxikiosco,1
Quilmes,50 Lts-Barrel,Tienda De Bebidas,1
Quilmes,50 Lts-Barrel,Carniceria/polleria,1
Quilmes,50 Lts-Barrel,Carniceria Premium,1
Quilmes,50 Lts-Barrel,Casa De Pastas,1
Quilmes,50 Lts-Barrel,Dietetica,1
Quilmes,50 Lts-Barrel,Farmacia,1
Quilmes,50 Lts-Barrel,Fiambreria/queseria,1
Quilmes,50 Lts-Barrel,Otros K+t,1
Quilmes,50 Lts-Barrel,Panaderia / Pasteleria,1
Quilmes,50 Lts-Barrel,Pescaderia,1
Quilmes,50 Lts-Barrel,Rotiseria/com P Llevar,1
Quilmes,50 Lts-Barrel,Verduleria,1
Quilmes,50 Lts-Barrel,Vinoteca,1
Stella Artois,1 Lts-Bottle-RET,Autoservicio Cadena,12
Stella Artois,1 Lts-Bottle-RET,Autoservicio Independiente,12
Stella Artois,1 Lts-Bottle-RET,Kiosco Despensa,12
Stella Artois,1 Lts-Bottle-RET,Kiosco Bar,12
Stella Artois,1 Lts-Bottle-RET,Almacen Autoservice,12
Stella Artois,1 Lts-Bottle-RET,Almacen,12
Stella Artois,1 Lts-Bottle-RET,Kiosco/maxikiosco,12
Stella Artois,1 Lts-Bottle-RET,Tienda De Bebidas,12
Stella Artois,1 Lts-Bottle-RET,Carniceria/polleria,12
Stella Artois,1 Lts-Bottle-RET,Carniceria Premium,12
Stella Artois,1 Lts-Bottle-RET,Casa De Pastas,12
Stella Artois,1 Lts-Bottle-RET,Dietetica,12
Stella Artois,1 Lts-Bottle-RET,Farmacia,12
Stella Artois,1 Lts-Bottle-RET,Fiambreria/queseria,12
Stella Artois,1 Lts-Bottle-RET,Otros K+t,12
Stella Artois,1 Lts-Bottle-RET,Panaderia / Pasteleria,12
Stella Artois,1 Lts-Bottle-RET,Pescaderia,12
Stella Artois,1 Lts-Bottle-RET,Rotiseria/com P Llevar,12
Stella Artois,1 Lts-Bottle-RET,Verduleria,12
Stella Artois,1 Lts-Bottle-RET,Vinoteca,12
Stella Artois,1/2 Lts-Cans,Kiosco Despensa,6
Stella Artois,1/2 Lts-Cans,Kiosco Bar,6
Stella Artois,1/2 Lts-Cans,Almacen Autoservice,6
Stella Artois,1/2 Lts-Cans,Almacen,6
Stella Artois,1/2 Lts-Cans,Kiosco/maxikiosco,6
Stella Artois,1/2 Lts-Cans,Tienda De Bebidas,6
Stella Artois,1/2 Lts-Cans,Carniceria/polleria,6
Stella Artois,1/2 Lts-Cans,Carniceria Premium,6
Stella Artois,1/2 Lts-Cans,Casa De Pastas,6
Stella Artois,1/2 Lts-Cans,Dietetica,6
Stella Artois,1/2 Lts-Cans,Farmacia,6
Stella Artois,1/2 Lts-Cans,Fiambreria/queseria,6
Stella Artois,1/2 Lts-Cans,Otros K+t,6
Stella Artois,1/2 Lts-Cans,Panaderia / Pasteleria,6
Stella Artois,1/2 Lts-Cans,Pescaderia,6
Stella Artois,1/2 Lts-Cans,Rotiseria/com P Llevar,6
Stella Artois,1/2 Lts-Cans,Verduleria,6
Stella Artois,1/2 Lts-Cans,Vinoteca,6
Stella Artois,1/2 Lts-Cans,Autoservicio Cadena,24
Stella Artois,1/2 Lts-Cans,Autoservicio Independiente,24
Stella Artois,1/3 Lts-Bottle-OW,Autoservicio Cadena,24
Stella Artois,1/3 Lts-Bottle-OW,Autoservicio Independiente,24
Stella Artois,1/3 Lts-Bottle-OW,Kiosco Despensa,24
Stella Artois,1/3 Lts-Bottle-OW,Kiosco Bar,24
Stella Artois,1/3 Lts-Bottle-OW,Almacen Autoservice,24
Stella Artois,1/3 Lts-Bottle-OW,Almacen,24
Stella Artois,1/3 Lts-Bottle-OW,Kiosco/maxikiosco,24
Stella Artois,1/3 Lts-Bottle-OW,Tienda De Bebidas,24
Stella Artois,1/3 Lts-Bottle-OW,Carniceria/polleria,24
Stella Artois,1/3 Lts-Bottle-OW,Carniceria Premium,24
Stella Artois,1/3 Lts-Bottle-OW,Casa De Pastas,24
Stella Artois,1/3 Lts-Bottle-OW,Dietetica,24
Stella Artois,1/3 Lts-Bottle-OW,Farmacia,24
Stella Artois,1/3 Lts-Bottle-OW,Fiambreria/queseria,24
Stella Artois,1/3 Lts-Bottle-OW,Otros K+t,24
Stella Artois,1/3 Lts-Bottle-OW,Panaderia / Pasteleria,24
Stella Artois,1/3 Lts-Bottle-OW,Pescaderia,24
Stella Artois,1/3 Lts-Bottle-OW,Rotiseria/com P Llevar,24
Stella Artois,1/3 Lts-Bottle-OW,Verduleria,24
Stella Artois,1/3 Lts-Bottle-OW,Vinoteca,24
Stella Artois,1/3 Lts-Cans,Autoservicio Cadena,24
Stella Artois,1/3 Lts-Cans,Autoservicio Independiente,24
Stella Artois,1/3 Lts-Cans,Kiosco Despensa,24
Stella Artois,1/3 Lts-Cans,Kiosco Bar,24
Stella Artois,1/3 Lts-Cans,Almacen Autoservice,24
Stella Artois,1/3 Lts-Cans,Almacen,24
Stella Artois,1/3 Lts-Cans,Kiosco/maxikiosco,24
Stella Artois,1/3 Lts-Cans,Tienda De Bebidas,24
Stella Artois,1/3 Lts-Cans,Carniceria/polleria,24
Stella Artois,1/3 Lts-Cans,Carniceria Premium,24
Stella Artois,1/3 Lts-Cans,Casa De Pastas,24
Stella Artois,1/3 Lts-Cans,Dietetica,24
Stella Artois,1/3 Lts-Cans,Farmacia,24
Stella Artois,1/3 Lts-Cans,Fiambreria/queseria,24
Stella Artois,1/3 Lts-Cans,Otros K+t,24
Stella Artois,1/3 Lts-Cans,Panaderia / Pasteleria,24
Stella Artois,1/3 Lts-Cans,Pescaderia,24
Stella Artois,1/3 Lts-Cans,Rotiseria/com P Llevar,24
Stella Artois,1/3 Lts-Cans,Verduleria,24
Stella Artois,1/3 Lts-Cans,Vinoteca,24
Stella Artois,1/4 Lts-Cans,Autoservicio Cadena,20
Stella Artois,1/4 Lts-Cans,Autoservicio Independiente,20
Stella Artois,1/4 Lts-Cans,Kiosco Despensa,20
Stella Artois,1/4 Lts-Cans,Kiosco Bar,20
Stella Artois,1/4 Lts-Cans,Almacen Autoservice,20
Stella Artois,1/4 Lts-Cans,Almacen,20
Stella Artois,1/4 Lts-Cans,Kiosco/maxikiosco,20
Stella Artois,1/4 Lts-Cans,Tienda De Bebidas,20
Stella Artois,1/4 Lts-Cans,Carniceria/polleria,20
Stella Artois,1/4 Lts-Cans,Carniceria Premium,20
Stella Artois,1/4 Lts-Cans,Casa De Pastas,20
Stella Artois,1/4 Lts-Cans,Dietetica,20
Stella Artois,1/4 Lts-Cans,Farmacia,20
Stella Artois,1/4 Lts-Cans,Fiambreria/queseria,20
Stella Artois,1/4 Lts-Cans,Otros K+t,20
Stella Artois,1/4 Lts-Cans,Panaderia / Pasteleria,20
Stella Artois,1/4 Lts-Cans,Pescaderia,20
Stella Artois,1/4 Lts-Cans,Rotiseria/com P Llevar,20
Stella Artois,1/4 Lts-Cans,Verduleria,20
Stella Artois,1/4 Lts-Cans,Vinoteca,20
Stella Artois,20 Lts-Barrel,Autoservicio Cadena,1
Stella Artois,20 Lts-Barrel,Autoservicio Independiente,1
Stella Artois,20 Lts-Barrel,Kiosco Despensa,1
Stella Artois,20 Lts-Barrel,Kiosco Bar,1
Stella Artois,20 Lts-Barrel,Almacen Autoservice,1
Stella Artois,20 Lts-Barrel,Almacen,1
Stella Artois,20 Lts-Barrel,Kiosco/maxikiosco,1
Stella Artois,20 Lts-Barrel,Tienda De Bebidas,1
Stella Artois,20 Lts-Barrel,Carniceria/polleria,1
Stella Artois,20 Lts-Barrel,Carniceria Premium,1
Stella Artois,20 Lts-Barrel,Casa De Pastas,1
Stella Artois,20 Lts-Barrel,Dietetica,1
Stella Artois,20 Lts-Barrel,Farmacia,1
Stella Artois,20 Lts-Barrel,Fiambreria/queseria,1
Stella Artois,20 Lts-Barrel,Otros K+t,1
Stella Artois,20 Lts-Barrel,Panaderia / Pasteleria,1
Stella Artois,20 Lts-Barrel,Pescaderia,1
Stella Artois,20 Lts-Barrel,Rotiseria/com P Llevar,1
Stella Artois,20 Lts-Barrel,Verduleria,1
Stella Artois,20 Lts-Barrel,Vinoteca,1
Stella Artois,3/4 Lts-Bottle-OW,Autoservicio Cadena,6
Stella Artois,3/4 Lts-Bottle-OW,Autoservicio Independiente,6
Stella Artois,3/4 Lts-Bottle-OW,Kiosco Despensa,6
Stella Artois,3/4 Lts-Bottle-OW,Kiosco Bar,6
Stella Artois,3/4 Lts-Bottle-OW,Almacen Autoservice,6
Stella Artois,3/4 Lts-Bottle-OW,Almacen,6
Stella Artois,3/4 Lts-Bottle-OW,Kiosco/maxikiosco,6
Stella Artois,3/4 Lts-Bottle-OW,Tienda De Bebidas,6
Stella Artois,3/4 Lts-Bottle-OW,Carniceria/polleria,6
Stella Artois,3/4 Lts-Bottle-OW,Carniceria Premium,6
Stella Artois,3/4 Lts-Bottle-OW,Casa De Pastas,6
Stella Artois,3/4 Lts-Bottle-OW,Dietetica,6
Stella Artois,3/4 Lts-Bottle-OW,Farmacia,6
Stella Artois,3/4 Lts-Bottle-OW,Fiambreria/queseria,6
Stella Artois,3/4 Lts-Bottle-OW,Otros K+t,6
Stella Artois,3/4 Lts-Bottle-OW,Panaderia / Pasteleria,6
Stella Artois,3/4 Lts-Bottle-OW,Pescaderia,6
Stella Artois,3/4 Lts-Bottle-OW,Rotiseria/com P Llevar,6
Stella Artois,3/4 Lts-Bottle-OW,Verduleria,6
Stella Artois,3/4 Lts-Bottle-OW,Vinoteca,6
Stella Artois,30 Lts-Barrel,Autoservicio Cadena,1
Stella Artois,30 Lts-Barrel,Autoservicio Independiente,1
Stella Artois,30 Lts-Barrel,Kiosco Despensa,1
Stella Artois,30 Lts-Barrel,Kiosco Bar,1
Stella Artois,30 Lts-Barrel,Almacen Autoservice,1
Stella Artois,30 Lts-Barrel,Almacen,1
Stella Artois,30 Lts-Barrel,Kiosco/maxikiosco,1
Stella Artois,30 Lts-Barrel,Tienda De Bebidas,1
Stella Artois,30 Lts-Barrel,Carniceria/polleria,1
Stella Artois,30 Lts-Barrel,Carniceria Premium,1
Stella Artois,30 Lts-Barrel,Casa De Pastas,1
Stella Artois,30 Lts-Barrel,Dietetica,1
Stella Artois,30 Lts-Barrel,Farmacia,1
Stella Artois,30 Lts-Barrel,Fiambreria/queseria,1
Stella Artois,30 Lts-Barrel,Otros K+t,1
Stella Artois,30 Lts-Barrel,Panaderia / Pasteleria,1
Stella Artois,30 Lts-Barrel,Pescaderia,1
Stella Artois,30 Lts-Barrel,Rotiseria/com P Llevar,1
Stella Artois,30 Lts-Barrel,Verduleria,1
Stella Artois,30 Lts-Barrel,Vinoteca,1
Temple,1 Lts-Bottle-RET,Autoservicio Cadena,12
Temple,1 Lts-Bottle-RET,Autoservicio Independiente,12
Temple,1 Lts-Bottle-RET,Kiosco Despensa,12
Temple,1 Lts-Bottle-RET,Kiosco Bar,12
Temple,1 Lts-Bottle-RET,Almacen Autoservice,12
Temple,1 Lts-Bottle-RET,Almacen,12
Temple,1 Lts-Bottle-RET,Kiosco/maxikiosco,12
Temple,1 Lts-Bottle-RET,Tienda De Bebidas,12
Temple,1 Lts-Bottle-RET,Carniceria/polleria,12
Temple,1 Lts-Bottle-RET,Carniceria Premium,12
Temple,1 Lts-Bottle-RET,Casa De Pastas,12
Temple,1 Lts-Bottle-RET,Dietetica,12
Temple,1 Lts-Bottle-RET,Farmacia,12
Temple,1 Lts-Bottle-RET,Fiambreria/queseria,12
Temple,1 Lts-Bottle-RET,Otros K+t,12
Temple,1 Lts-Bottle-RET,Panaderia / Pasteleria,12
Temple,1 Lts-Bottle-RET,Pescaderia,12
Temple,1 Lts-Bottle-RET,Rotiseria/com P Llevar,12
Temple,1 Lts-Bottle-RET,Verduleria,12
Temple,1 Lts-Bottle-RET,Vinoteca,12
Temple,1/2 Lts-Cans,Kiosco Despensa,6
Temple,1/2 Lts-Cans,Kiosco Bar,6
Temple,1/2 Lts-Cans,Almacen Autoservice,6
Temple,1/2 Lts-Cans,Almacen,6
Temple,1/2 Lts-Cans,Kiosco/maxikiosco,6
Temple,1/2 Lts-Cans,Tienda De Bebidas,6
Temple,1/2 Lts-Cans,Carniceria/polleria,6
Temple,1/2 Lts-Cans,Carniceria Premium,6
Temple,1/2 Lts-Cans,Casa De Pastas,6
Temple,1/2 Lts-Cans,Dietetica,6
Temple,1/2 Lts-Cans,Farmacia,6
Temple,1/2 Lts-Cans,Fiambreria/queseria,6
Temple,1/2 Lts-Cans,Otros K+t,6
Temple,1/2 Lts-Cans,Panaderia / Pasteleria,6
Temple,1/2 Lts-Cans,Pescaderia,6
Temple,1/2 Lts-Cans,Rotiseria/com P Llevar,6
Temple,1/2 Lts-Cans,Verduleria,6
Temple,1/2 Lts-Cans,Vinoteca,6
Temple,1/2 Lts-Cans,Autoservicio Cadena,24
Temple,1/2 Lts-Cans,Autoservicio Independiente,24
Temple,20 Lts-Barrel,Autoservicio Cadena,1
Temple,20 Lts-Barrel,Autoservicio Independiente,1
Temple,20 Lts-Barrel,Kiosco Despensa,1
Temple,20 Lts-Barrel,Kiosco Bar,1
Temple,20 Lts-Barrel,Almacen Autoservice,1
Temple,20 Lts-Barrel,Almacen,1
Temple,20 Lts-Barrel,Kiosco/maxikiosco,1
Temple,20 Lts-Barrel,Tienda De Bebidas,1
Temple,20 Lts-Barrel,Carniceria/polleria,1
Temple,20 Lts-Barrel,Carniceria Premium,1
Temple,20 Lts-Barrel,Casa De Pastas,1
Temple,20 Lts-Barrel,Dietetica,1
Temple,20 Lts-Barrel,Farmacia,1
Temple,20 Lts-Barrel,Fiambreria/queseria,1
Temple,20 Lts-Barrel,Otros K+t,1
Temple,20 Lts-Barrel,Panaderia / Pasteleria,1
Temple,20 Lts-Barrel,Pescaderia,1
Temple,20 Lts-Barrel,Rotiseria/com P Llevar,1
Temple,20 Lts-Barrel,Verduleria,1
Temple,20 Lts-Barrel,Vinoteca,1
bajo cero,1 Lts-Bottle-RET,Autoservicio Cadena,12
bajo cero,1 Lts-Bottle-RET,Autoservicio Independiente,12
bajo cero,1 Lts-Bottle-RET,Kiosco Despensa,12
bajo cero,1 Lts-Bottle-RET,Kiosco Bar,12
bajo cero,1 Lts-Bottle-RET,Almacen Autoservice,12
bajo cero,1 Lts-Bottle-RET,Almacen,12
bajo cero,1 Lts-Bottle-RET,Kiosco/maxikiosco,12
bajo cero,1 Lts-Bottle-RET,Tienda De Bebidas,12
bajo cero,1 Lts-Bottle-RET,Carniceria/polleria,12
bajo cero,1 Lts-Bottle-RET,Carniceria Premium,12
bajo cero,1 Lts-Bottle-RET,Casa De Pastas,12
bajo cero,1 Lts-Bottle-RET,Dietetica,12
bajo cero,1 Lts-Bottle-RET,Farmacia,12
bajo cero,1 Lts-Bottle-RET,Fiambreria/queseria,12
bajo cero,1 Lts-Bottle-RET,Otros K+t,12
bajo cero,1 Lts-Bottle-RET,Panaderia / Pasteleria,12
bajo cero,1 Lts-Bottle-RET,Pescaderia,12
bajo cero,1 Lts-Bottle-RET,Rotiseria/com P Llevar,12
bajo cero,1 Lts-Bottle-RET,Verduleria,12
bajo cero,1 Lts-Bottle-RET,Vinoteca,12
bajo cero,1.2 Lts-Bottle-RET,Autoservicio Cadena,10
bajo cero,1.2 Lts-Bottle-RET,Autoservicio Independiente,10
bajo cero,1.2 Lts-Bottle-RET,Kiosco Despensa,10
bajo cero,1.2 Lts-Bottle-RET,Kiosco Bar,10
bajo cero,1.2 Lts-Bottle-RET,Almacen Autoservice,10
bajo cero,1.2 Lts-Bottle-RET,Almacen,10
bajo cero,1.2 Lts-Bottle-RET,Kiosco/maxikiosco,10
bajo cero,1.2 Lts-Bottle-RET,Tienda De Bebidas,10
bajo cero,1.2 Lts-Bottle-RET,Carniceria/polleria,10
bajo cero,1.2 Lts-Bottle-RET,Carniceria Premium,10
bajo cero,1.2 Lts-Bottle-RET,Casa De Pastas,10
bajo cero,1.2 Lts-Bottle-RET,Dietetica,10
bajo cero,1.2 Lts-Bottle-RET,Farmacia,10
bajo cero,1.2 Lts-Bottle-RET,Fiambreria/queseria,10
bajo cero,1.2 Lts-Bottle-RET,Otros K+t,10
bajo cero,1.2 Lts-Bottle-RET,Panaderia / Pasteleria,10
bajo cero,1.2 Lts-Bottle-RET,Pescaderia,10
bajo cero,1.2 Lts-Bottle-RET,Rotiseria/com P Llevar,10
bajo cero,1.2 Lts-Bottle-RET,Verduleria,10
bajo cero,1.2 Lts-Bottle-RET,Vinoteca,10
